Column1,Column2
#separator:tab,
#html:false,
"ab, abs, a + Fall?",
ab urbe,
a tertia hora,
a Gallis vinci,
servus ab epistulis,
abies ,
abolere Stf,
absorbere Stf,
absurdus,
ac =?,
acanthus,
accersere =?,
accipiter,
"acer, cris, cre ",
acerbus ,
acerbitas,
acere,
acetum ,
acidus,
acervus,
acies  (oculorum/hostium),
aciem laedere,
in acie vinci,
acuere Stf ,
acutus (<> acidus),
praeacutus,
acumen,
ad  ,
ad urbem esse/venire,
ad multam noctem,
ad trecentos,
ad usum,
ad praeceptum,
adamas,
adamantinus,
adolere  Stf (odores/flammis penates),
adulari (2/),
adulatio,
adulescens ,
adulescentulus,
adulescentia,
"adulter, era, erum ",
adulterium,
adytum ,
aedes 1. Sg./2. Pl.,
aedilis,
aedilitas,
aedificium,
aedificare,
inaedificare ,
"aeger, gra, grum",
aegre (Adv.),
aegrimonia,
aegritudo ,
aegrotus,
aegrotare,
aegrotatio,
aegis,
aemulus  (2/),
aemulus meus,
aemulari (2/),
aemulatio ,
aequus (5) (campus/acies/tempus/pars/condicio),
aequitas  (animi/legis),
aequalis (4) (locus/pars/Caesari/meus),
aequare (3) (locum/aciem/sortes),
aequare tecta solo,
aequare Gallos virtute,
aequabilis,
aequabilitas,
adaequare ,
coaequare,
aequor ,
aequoreus,
iniquus ,
iniquitas ,
aer,
aerius,
aerumna,
aes,
aera (=Pl. zu aes),
aera emere,
aereus,
aerarium,
aeratus,
aerugo,
aenus,
aenum,
aeneus,
aestas,
aestivus,
aestiva,
aestimare ,
aestimatio,
existimare,
existimatio,
aestus ,
aestuosus,
aestuare ,
aetas ,
aeternus,
aeternitas,
aether,
aetherius,
aevum ,
ager (2: Sg/Pl),
agellus,
agrestis (2: Adj./Subst.),
agrarius,
lex agraria,
agricola,
agricultura,
peragrare,
peregre (Adv.),
peregrinus,
agere Stf.,
agere equum/praedam,
agere causam,
agere temere/de pace,
agere aetatem,
agere curam,
agere primas partes,
acta ,
actor (pecoris/rei/fabulae/causae) (4),
"actio (rei, orationis/causae) (3)",
actiones consulis,
actus,
actus pecoris/fabulae,
primus actus fabulae,
actuarius,
age (=Imper.),
agmen ,
agilis,
agitare,
agitare rem mente,
agitatio,
exagitare ,
abigere Stf.,
adigere,
adigere pecus in umbram/e vicis,
adigere ensem pectori,
adigere milites ad sacramentum/sacramento/–,
exigere (3) Stf.,
exigere reges ex urbe/ pecunias ab eo/ensem in pectus,
exigere rem ad ius/opus,
exiguus,
exiguitas,
redigere (3) Stf.,
redigere in provinciam,
subigere  Stf.,
transigere  Stf.,
transigere negotium,
transigere tempus,
se transigere gladio,
cogere Stf.,
cogere senatum in curiam/invitos venire,
cogere id ita esse,
degere Stf.,
circumagere Stf.,
peragere Stf. ,
peragere mare remo,
peragere cursum/vitam,
peragere postulata,
agger,
aggerare,
exaggerare ,
agnus,
agna,
a(h)!,
aio (=verbum defektivum),
ala (3),
alarius (2: Adj./Subst. m. Pl.),
ales (2: Adj./Subst.),
"alacer, cris, cre",
alacritas,
albus ,
album,
albere Stf.,
albescere,
alea,
alere Stf.,
alimentum,
almus,
alumnus (2: Adj./Subst.),
alienus ,
alienare,
"aliquis, quid ",
"aliqui, quae, quod",
alicubi,
alicunde,
aliquantus,
aliquantum aquae,
aliquot (indekl.),
aliquando ,
aliquamdiu,
"alius, a, ud",
alius aliud dicit ,
alii...alii,
aliter (Adv.),
adipisci Stf.,
apium,
apricus,
aptus ,
aptus (e) virtute,
aptus ei/ad pugnam,
aptare ? ,
ineptus,
apud + Fall,
apud Germanos,
aqua (4: Sg/Pl.),
aqua Appia,
aquosus,
aquari,
aquila,
aquilo,
ara,
arare,
arator ,
aratio ,
aratrum,
arbiter ,
arbitrium,
arbitrari ,
arbitratu (meo),
arbor,
arboreus,
arbustum,
arbutus,
arbutum,
arca,
arcanus,
arcere Stf. Fall? (manus vinculis/hostem urbe),
coercere (3),
arcessere Stf.,
arcessere proditionibus,
architectus,
arcus,
ardere Stf.,
ardere ad proelia/Alexin/proeliari,
ardor ,
ardescere Stf.,
exardescere,
arduus ,
area ,
arere Stf. ,
aridus ,
argentum ,
arguere Stf.,
argutus (3) (manus/vox/orator),
argumentum ,
argumentari,
redarguere,
aries ,
arista,
arma,
armare,
armatura,
armamenta,
"armiger, era, erum",
armipotens,
"inermis, e/inermus, a, um",
armentum ,
armus ,
ars,
ars grammatica,
bonae artes,
artifex (2: Subst; 1: Adj),
artificium (3),
artificiosus,
"iners, tis ",
inertia ,
"sollers, tis ",
sollertia ,
artus,
artus,
arvum ,
arx ,
as,
asellus,
"asper, era, erum ",
asperitas,
assus,
ast,
astrum,
astrologus,
astus ,
astutus,
at,
"ater, tra, trum ",
"atrox, ocis ",
atrocitas,
atomus,
"atque, ac",
alius/idem atque,
atqui(n) ,
atrium,
attat!,
au!,
auceps ,
audere Stf. ,
ausum,
"audax, acis",
audacia,
audire,
audire bene ab eo,
auditor,
auditus,
inauditus ,
exaudire ,
augere Stf. ,
auctor ,
auctoritas ,
auctio,
augur,
augurium (3),
augurari (3) (-/templum/mortem),
augustus ,
domus Augusta,
mensis Augustus,
aula ,
aulaeum,
aura,
sub auras ferre,
auriga ,
auris,
auricula,
aurora,
aurum,
aureus,
auratus,
auscultare,
auspex ,
auspicium,
auspicari,
auster ,
austerus ,
aut,
aut…aut…,
autem (nachgestellt),
autumnus,
auxilium (2: Sg./Pl.),
auxiliaris (2: Adj/Subst. m. Pl.),
auxiliarius,
avarus,
avaritia,
avena ,
avere,
ave!,
avidus Fall?,
avunculus,
avus ,
avitus ,
proavus,
axis (3),
baca (3),
bacchari,
baculum,
balare,
balatus,
balbus,
balneum,
balteus,
barathrum,
barba,
imberbis,
barbarus ,
barbaria ,
barbaricus,
barbitos,
beare (= tr.),
beatus,
bellum ,
bellicus ,
bellicosus ,
bellare (-ri) ,
bellator (2:Subst/Adj.),
debellare  (cum eo/eum),
rebellare,
rebellio,
rebellis,
imbellis,
bellus,
belua,
bestia,
bibere Stf.,
bibulus ,
bigae,
bilis ,
"bipennis (2: Adj/Subst,?)",
bis,
"bini, ae, a",
blandus ,
blanditia ,
blandiri,
blandimentum ,
bonus Komparation?,
bonitas,
optimates,
bene Komparation?,
beneficus,
beneficentia ,
beneficium,
benevolentia,
benignus ,
benignitas,
boreas,
bos ,
brac(c)hium ,
brevis,
brevitas,
bruma ,
buxus/buxum,
caballus,
cacumen,
cadaver,
cadere Stf.,
sol cadit,
labor male cadit,
casus ,
caducus,
aqua/spes casura,
accidere Stf. ,
"accidit, ut",
aliquid mihi/i accidit,
concidere Stf.,
decidere Stf. ,
excidere Stf. ,
excidium,
incidere Stf. (in foveam/capiti),
incidere in hostem ,
occidere Stf. ,
ad occidentem (solem),
occasus,
ad occasum (solis),
occasio,
procidere Stf.,
cadus,
caecus ,
caecitas,
caedere Stf. ,
caedes,
circumcidere Stf.,
concidere Stf. (3),
decidere Stf. ,
excidere Stf. ,
excidere arborem/columnas rupe/saxum,
incidere Stf. (5) (nomen arbori/arborem/vitem/funem/faces),
occidere Stf.,
praecidere Stf.,
recidere Stf. ,
succidere Stf.,
caelare,
caelebs Gen?,
lectus caelebs,
caelum ,
caelestis,
caeles (2: Adj/ Subst. Pl.),
caelicola,
caerimonia ,
caerulus,
caeruleus,
caesaries,
caespes ,
caestus,
caetra,
caetratus,
calamitas,
calamitosus,
calamus ,
calathus,
calere Stf.,
calidus,
calor,
incalescere Stf.,
caligo ,
calix,
callidus ,
calliditas,
calo,
calumnia,
calx,
calceus,
calcare  (uvas/viam),
caminus,
campus,
campus Martius,
"campester, tris, tre ",
candere Stf. ,
candidus,
candidus sol/ candida hora,
candidus amicus,
candidatus ,
candor (3) (togae/solis/amici),
canere Stf. (4) (carmen/virum/signa/cithara),
gallus/tuba canit,
cantor,
cantus ,
cantare (3) (carmen/Achillem/tibiis),
canorus,
concinere Stf. ,
concentus,
recinere ,
canis,
canna,
canus ,
"cani, orum",
canities ,
canere,
caper,
capra,
capella,
caprea ,
capere Stf. ,
capere arma/consulatum,
capere pisces/ducem/urbem,
captus amore/auribus,
capere pecuniam/dolorem ex clade,
portus naves/mens verum capit,
captivus ,
captivitas ,
captiosus,
captare,
"capax, acis",
capessere Stf.,
capessere rem publicam,
accipere Stf. ,
concipere Stf. ,
concipere ignem/spem,
concipere (semina),
concipere preces,
decipere Stf.,
excipere Stf. (3) (eos lege/ictus corpore/eum hospitio),
incipere Stf.,
inceptum,
inceptare,
intercipere Stf.,
occipere Stf.  (-/rem),
percipere Stf. ,
perceptio ,
praecipere Stf. (3) (rem/ut/artem),
praeceptum ,
praecipuus ,
praecipue (Adv.),
recipere Stf. ,
recipere urbem/gressus ad urbem,
se recipere ex terrore/ad eum,
recipere eum tecto/eum ad se/officium,
receptus ,
suscipere Stf. ,
suscipere ruentem/onus,
puer a patre suscipitur,
occupare,
occupare eum,
occupare id facere,
occupatio ,
praeoccupare  (locum/eum),
recuperare,
recuperator,
antecapere Stf (3) (rem/locum/noctem),
capillus,
capsa,
capulus ,
caput ,
caput amnis ,
accusare capitis,
caput libri/Graecia,
capitalis ,
capitalis poena/scriptor,
"anceps, cipitis",
"praeceps, cipitis ",
praeceps in mare deici,
praeceps iter/victoria,
in praeceps iacere,
praecipitare (3) (eum/scelus/-),
carbasus (2: Sg./Pl.),
carbo,
carcer (2: Sg./Pl.),
cardo ,
"carere Stf., Fall? ",
carina ,
carmen ,
caro,
carnifex,
carpere Stf. ,
carpere flores/oscula,
carpere hostem proeliis,
carpere viam/diem,
decerpere Stf.,
excerpere Stf.,
carrus,
carus ,
caritas ,
casa,
casia,
castanea,
castigare  (equum/pueros),
castra ,
castellum,
castus,
incestus,
catena,
caterva,
catinus,
catillus,
catulus ,
catus,
cauda,
caulis ,
caupo,
caupona,
caurus/corus,
causa ,
amici causa,
per causam,
ea de causa,
accusare,
accusator,
accusatio,
excusare  (eum/rem),
excusatio,
incusare  (eum/rem),
recusare ,
cautes,
cavere Stf. ,
cavere sociis (Dat.),
cavere ei de pecunia,
cavere canem/a cane,
cave venias!,
cautus,
incautus ,
cavus ,
cava ilex/via/nubes,
cavea ,
caverna,
cavare,
concavus ,
cedere Stf. ,
res male cedit,
hostes cedunt,
cedere (ex) loco,
cedere in praedam,
cessare ,
abscedere Stf.,
accessio ,
accessus,
antecedere Stf. ,
concedere Stf. ,
concedere ei/ei multa,
concedere in dicionem populi Romani,
decedere Stf.,
decedit filius/sol,
discedere Stf.,
discedere in duas partes/ab eo/domum,
discessus ,
"excedere Stf.  (urbe, urbem/in eum annum)",
"incedere Stf. (4) (-/ad eum/locum/ei, eum)",
incessus Stf. ,
incessere Stf.,
intercedere Stf. ,
intercedere inter legiones,
bellum intercedit,
intercedere legi,
intercedere pro iis,
intercessio ,
praecedere Stf.  Fall?,
procedere  Stf.,
agmen/opus procedit,
recedere Stf. ,
recessus ,
secedere Stf. ,
secedere in montem,
secessio ,
succedere (3) (oneri/ad superos/ei),
successor,
successus ,
cedo (Sg.)/cette (Pl.) ,
cedrus ,
celare,
"celeber, bris, bre (3) (urbs/dies/nomen)",
celebritas (3),
celebrare ,
"celer, eris, ere",
celeritas,
celerare,
accelerare ,
cella ,
celsus ,
excelsus,
excellere,
excellens,
excellentia,
cena,
cenare,
accendere Stf.,
incendere Stf.,
incendium,
succendere Stf.,
censere Stf. ,
censor,
censorius ,
census ,
censura,
centum (indekl.),
centuria,
centurio,
cera ,
cereus ,
cerebrum,
cernere Stf.  (rem oculis/ferro),
decernere Stf.,
decretum ,
discernere Stf. ,
secernere Stf. ,
secretus Adv?,
secretum,
certare ,
certatio ,
certatio poenae,
certatim Adv.,
decertare Fall?,
certus,
certiorem facere,
certe Adv. ,
certo Adv.,
incertus,
cervix,
cervus,
cerva,
ceu (indekl.) ,
chaos Formen? ,
charta ,
chiragra/cheragra,
chlamys,
chorda,
chorus ,
chorea/chorea,
cibus,
cicada,
cicer,
cicuta,
ciere Stf. ,
citus Adv.?,
citare (testem),
recitare,
conciere Stf. ,
concitare ,
concitatio ,
accire Stf.,
excire Stf. ,
excitare,
excitare ignem/turrim,
incitare,
incitamentum,
suscitare ,
sollicitus ,
sollicitudo,
sollicitare,
cingere Stf.,
accingere Stf.,
accingi pugnae,
discingere Stf.,
incingere Stf.,
praecingere Stf.: alte praecinctus,
succingere Stf. ,
cinis,
circus ,
circum (circa) (2: Adv./Präp:?),
stare circum,
stare circum eum/mittere circum omnes,
circiter (Adv.),
ciris,
cis ?,
citra (2: Adv./Präp:?),
citra flumen/fidem/scelus,
"citerior, ius",
cithara,
civis,
civitas ,
civilis,
civilis exercitus,
ius civile,
civilis animus,
officia civilia ,
civicus,
clades ,
clam (2:Adv./Präp:?),
clanculum (2:Adv./Präp:?),
clamare ,
clamor,
clamitare,
conclamare ,
exclamare ,
clangor  (tubarum/anserum),
clarus (3),
claritudo ,
declarare ,
praeclarus,
classis ,
claudere Stf.  (portam/filium),
claustra ,
concludere Stf. ,
conclusio ,
excludere Stf. ,
includere Stf. ,
intercludere Stf. Fall?,
praecludere Stf.,
recludere Stf.,
clavis,
clavus (3),
clemens,
clementia,
cliens,
clientela ,
declinare (3) (ictum a re/de via/minas),
declinatio,
inclinare ,
inclinatio (3),
reclinare,
clipeus (clupeus) ,
clitellae,
clivus,
declivis,
proclivis (3),
clunis,
coalescere Stf. ,
codex ,
codex accepti et expensi,
codicillus,
coepisse Stf.,
coeptum,
coeptare,
coetus ,
cogitare ,
cogitatio ,
excogitare,
cohors (3),
colere Stf.,
colere agros,
colere insulam/circa ripam,
colere studia/deos,
cultor,
cultus (3) (agri/humanus/regius),
cultura,
incultus,
colonus,
colonia,
excolere Stf,
incolere  (urbem/ibi),
accola (2: Subst./Adj.),
incola (2: Subst./Adj.),
collega,
collegium ,
collis,
collum ,
color,
coluber,
columba,
columna,
coma ,
comans,
comans gelea/stella,
comere Stf. ,
comptus,
incomptus,
comes,
comitari,
comitatus,
comis (= Adj. zu comes),
comitas,
comminisci Stf.,
commenticius,
commentari ,
commentarius (liber),
comoedia,
comicus,
comicus poeta,
comperire Stf. ,
compescere Stf.,
compilare,
compitum,
conari,
conatus,
concha (3),
conchylium ,
concilium,
conciliare  (regem sibi/i//iis pacem),
reconciliare ,
concinnus,
inconcinnus,
condire,
congruere Stf.,
considerare,
consternare  (equum),
consul,
consulatus,
consularis (2: Adj./Subst.),
proconsul,
"consulere Stf (3) (eum/rem, de re/ei)",
consulere severe in eum,
consultus  (-/iuris),
consultum,
consulto/e (Adv.),
consultor ,
consultare (3),
consilium ,
consilium habere/convocare/dare/capere,
plenus consilii,
contaminare,
contio ,
contionari,
contra (2: Adv./Präp),
contrarius ,
contrarium,
contubernium ,
contumacia (vs. contumelia!!),
contumelia ,
contus ,
percontari (-cunctari) (rem ex eo/eum de re),
convicium ,
convexus ,
"convexa, orum ",
copia (2: Sg./Pl.),
copia pugnandi,
copiosus  (-/oratio),
copulare,
coquere Stf.,
coquere cibum ,
coquere panem/venenum,
coquere glaebam/poma,
cor ,
is mihi/i cordi est,
"concors, dis",
concordia,
discors ,
discordia ,
discordare,
excors,
socors ,
socordia ,
vecors,
vecordia,
recordari ?,
recordatio,
praecordia (3),
coram (2: Adv./?),
corium (3),
cornix,
cornu (3),
"corniger, era, erum",
cornum,
corona ,
sub corona vendere,
coronare,
corpus ,
cortex,
coruscus,
coruscare ,
coruscare fulgore/hastam,
corvus,
corylus (ulus),
cos,
costa,
cothurnus ,
cottidie (Adv.),
cottidianus,
cras (Adv.),
crastinus,
crassus,
crassus ager/crassum filum/crassus aer,
crassitudo,
crater/cratera ,
cratis,
creare,
creare consules,
procreare,
recreare,
se recreare,
"creber, bra, brum ",
crebro Adv.,
credere Stf. (3),
credibilis,
incredibilis,
credulus,
credulitas,
cremare,
crepare Stf. ,
crepitare,
increpare Stf. (3) (armis/sonitum/me),
increpitare,
discrepare Stf.,
crescere Stf.,
accrescere Stf. ,
concrescere Stf.,
crimen ,
criminari ,
criminatio,
crinis ,
crista ,
crocodilus,
crocus (-um),
croceus ,
crudus (3),
crudelis,
crudelitas,
cruor,
cruentus,
incruentus,
crus,
crustulum,
crux,
cruciare,
cruciatus,
excruciare,
cubare Stf.,
cubile,
cubiculum ,
concubitus,
excubare,
excubiae ,
incubare,
incubare pelli/ovis,
recubare,
cubitus/-um (> le coude),
culex,
culina,
culmen ,
culmus,
culpa,
culpare,
culter,
cum ?,
cum amico/periculo,
cum +Ind (4),
cum +Konj. (4),
cum…tum ,
cum primum,
cumque (Adv.),
qui…cumque ,
cumba/cymba,
concumbere Stf.,
discumbere Stf.,
incumbere,
incumbere remis/in gladium,
incumbere litteris/rei inclinatae,
"occumbere (morti, mortem, morte)",
procumbere,
recumbere,
succumbere (2:–/),
cumera,
cumulare (4) (arma/eum laude/rem laude/gaudium),
cunae,
cunctari,
cunctatum est,
cunctatio,
cunctus (2: Sg./Pl.),
cuneus ,
cuniculus ,
cunnus,
cupere Stf. ,
cupidus Fall?,
cupidus eius,
cupiditas,
cupido,
concupiscere Stf.,
cupressus,
cur,
cura ,
curare,
curare aegrotum/bellum,
curatio (3),
accuratus  (-cura-),
procurare,
procurator ,
procuratio ,
curiosus ,
incuria,
incuriosus ,
securus (3),
securitas (3),
curia ,
currere Stf.,
cursus ,
curriculum (3),
accurrere Stf.,
concurrere Stf.,
concursio,
concursus,
decurrere Stf. (3) (monte/ad eos/spatium),
discurrere Stf.,
excursio,
incurrere Stf.  (in hostem/in odium),
incursio,
incursus,
incursare  (in hostem/rupi),
occurrere Fall?,
occurrere morbo/pugnae/oculis,
occursare ,
percurrere ,
praecurrere  ?,
procurrere ,
recurrere (3),
succurrere ,
currus,
curulis,
sella curulis,
aedilis curulis,
curtus,
curulis =?,
curvus ,
curvare,
recurvus,
cuspis ,
custos,
custodia ,
custodire,
cutis,
cyathus ,
cycnus,
cylindrus,
cytisus,
damma ,
damnum ,
damnosus ,
damnare (furti/mortis/pecunia),
damnatus voti,
damnatio,
condemnare ,
daps,
dare Stf. ,
dare iis agros,
dare dicta/dolorem,
circumdare Stf.  (fossam urbi/urbem fossa),
dedere Stf.,
se dedere,
deditus Fall?,
deditio,
dediticius (2: Adj./Subst.),
edere Stf. ,
edere sonum/proelium,
edere librum/oraculum,
editus,
prodere (4) (fumum/decretum/urbem/ius posteris),
proditor,
proditio,
reddere ,
reddere obsides/gratiam,
reddere Graeca Latine,
reddere mare tutum,
tradere Stf. ,
abdere Stf.,
addere Stf.,
condere Stf. ,
condere urbem/carmen/acta Caesaris,
condere fructus/iram/diem,
conditor ,
inconditus ,
abscondere Stf.,
recondere Stf.,
reconditus,
indere  Stf.,
indere ei metum/vincula,
perdere ,
perditus ,
deperdere Stf,
subdere ,
de Fall? ,
de muro/sella/nocte/pace,
debilis,
debilitas,
debilitare,
decem,
decimus (-umus),
decumanus (3),
porta decima,
"deni, ae, a",
denarius (nummus),
decie(n)s,
"December, bris, bre",
(mensis) December,
decere Fall? Stf.  (rem/me),
decor ,
decorus ,
indecorus ,
decus,
decorare,
dedecus,
indecoris,
dedecere Fall?,
delere Stf.,
deliberare,
deliberavi adesse,
deliberatio,
delibutus,
delirus,
delirare,
delphin,
delubrum,
demum Adv. ,
denique (Adv.) ,
dens ,
tridens,
bidens,
densus ,
densere ,
deorsum/-us Adv. ,
desiderare,
desiderium,
"deterior, ius Sup.?",
deus,
dea,
devexus,
"dexter, (e)ra, (e)rum (3)",
dextra (manus),
dialecticus ,
dialectica (ars),
dica,
dicere Stf. ,
dicere causam,
dictum,
dictare,
dictator,
dictatura,
dictitare,
addicere Stf.,
edicere,
edictum,
indicere Stf.,
interdicere Stf. ,
interdicere Romanis Gallia,
interdicere ei aqua et igni,
interdictum ,
praedicere ,
praedictum ,
praedictio,
dicare,
abdicare/se abdicare,
abdicare consulatum/se abdicare consulatu,
dedicare (2: 1. aedem deo; 2. deum aede),
praedicare,
dicio ,
condicio ,
"dicax, acis",
dies (3),
diu (Adv.),
diurnus ,
interdiu (Adv.),
biduum,
triduum,
digitus,
dignus Fall? ,
dignitas,
dignari (2: 1. eum re; 2. id facere),
dignatio ,
dedignari,
indignus ,
indignitas (3),
indignari Fall?,
indignatio,
dimicare,
dimicatio,
dirus ,
dirae (preces),
Dirae (sc. deae),
"dis, ditis",
ditare,
disceptare (3),
disceptatio ,
discere Stf.,
condiscere Stf.,
ediscere (versus/artem),
praediscere,
discipulus,
disciplina (3),
discrimen (3),
discus,
disertus ,
dissipare,
diu/u Steigerung? (Adv.),
diu/utinus,
diuturnus ,
diuturnitas,
"dives, itis",
divitiae,
dividere Stf. ,
divisio ,
individuus,
individuum corpus,
divus (2: Adj./Subst.),
divus Augustus,
sub divo,
divinus ,
divinitas ,
divinare ,
divinatio ,
docere Stf.,
docere eum litteras,
docere eum de hac re,
docere fabulam,
doctus ,
doctor,
doctrina ,
indoctus,
documentum ,
docilis,
indocilis ,
edocere Stf.,
dolere Stf. Fall? ,
indolentia,
dolor (3),
indolescere Stf. ,
dolium,
dolus,
dolosus,
subdolus,
domare Stf.,
domitor,
indomitus,
dominus,
domina,
dominari,
dominatio,
dominatus,
domus ,
domi/-um/-o,
domi militiaeque,
domesticus ,
domicilium,
donec 1.+Ind; 2.+Konj,
donum ,
donare ,
condonare ,
redonare,
dormire,
dormitare,
dorsum ,
dos ,
indotatus,
draco,
druides,
dryas,
dubius ,
dubitare ,
dubitatio ,
ducere Stf.  (+Obj./+AcI),
ducere fossam/bellum,
ducere (copias) Uticam,
ducere uxorem (in matrimonium),
ducere id bonum/id in bonis,
ducere aratrum/gregem,
ducere aera/colorem,
ducere sortem/gemitum de imo pectore,
ducere filum/carmen,
ducere soporem/praedam,
ductor,
ductus ,
ductare ,
abducere Stf.,
"adducere Stf. (4) (eos ad se/eum, ut maneat/arcum/cutem)",
circumducere Stf.  (-/alqm alqa re),
conducere Stf. ,
conducit *AcI,
deducere Stf. (3) (de vallo/ex agris/ad eum),
deducere filum,
deducere versus,
diducere Stf. ,
educere Stf. (4) (gladium/copias castris/turres sub astra/eum a parvulo),
inducere eum in urbem/eum in errorem,
inducere (in) animum,
inducere coria ligno/scuta pellibus,
introducere Stf. ,
obducere Stf. (4) (eum ei/potum/vestem ei/omnia iunco),
perducere Stf. ,
producere Stf. ,
reducere Stf.,
seducere Stf. ,
subducere Stf. ,
traducere Stf. ,
educare,
dux,
"redux, ucis ",
dudum (Adv.) (3),
duellum = altlatein. für?,
dulcis ,
dulcedo (3),
dum (4: 1.+Imper.; 2.+IndPräs; 3.+Ind; 4.+Konj.),
dummodo + Modus?,
interdum (Adv.),
nondum,
nedum ,
dumtáxat (procul),
dumus,
dumetum,
"duo, ae, o",
duodecim,
duodecimus,
"ducenti, ae, a",
"dulex, icis  (acies/Ulixes)",
duplicare,
duplicare virum,
durus,
duritia,
durare ,
ebrius,
sobrius ,
ebur ,
eburnus,
eburneus,
ecastor!,
ecce,
eccum,
echinus ,
edepol!,
edere Stf. ,
esurire ,
semesus,
obesus,
"edax, acis ",
comedere Stf. ,
exedere Stf. ,
egere Stf. (2: Fall?),
egens,
egestas,
egenus,
indigere Stf. (2: Fall?),
indigentia,
ego Formen?,
eho(dum) (ad me)!,
ei (mihi/i)!,
eia (age)!,
electrum ,
elegi,
elementum (2: Sg./Pl.),
elephantus,
em ,
emere Stf.,
emptor,
emptio,
coemere Stf.,
adimere Stf.,
dirimere Stf.,
eximere Stf.,
eximius ,
interimere Stf.,
perimere Stf. ,
redimere Stf. ,
demere Stf.,
promere Stf.,
promptus (3),
in promptu,
depromere Stf.,
emolumentum,
emungere Stf.,
emungere eum auro,
en  (aram/quid ago?),
enim ,
enimvero,
etenim  (= enim),
ensis,
eos/eos,
eous (2: Adj./Subst.),
epistula,
epulae,
epulari ,
equus ,
equa,
equinus,
eculeus (equu-) ,
eques ,
"equester, tris, tre",
equitare,
equitatus,
erga ?,
gratus erga me,
ergo (2: 1. Adv.; 2. Präp. ?),
auxilii ergo,
errare ,
error ,
aberrare,
pererrare,
erus,
era,
erilis,
esca,
esse Stf. ,
atomi sunt,
Caesaris esse ,
decori esse,
bono animo esse,
futurus,
abesse Stf. ,
adesse Stf. ,
adesse comitiis/amico,
deesse Stf.,
inesse Stf.,
interesse Stf.  (inter vias/sermoni),
multum interest inter eos,
mea (eius/Romanorum) est id facere/fieri,
obesse Stf.,
posse Stf.,
praeesse Fall?,
prodesse Stf.,
subesse Stf.,
avis ,
accedere Stf. ,
administer,
administrare,
administratio ,
minus,
minuere Stf ,
minutus,
deminuere ,
imminuere,
comminus (Adv.),
comminus pugnare,
eminus (Adv.),
mirus,
mirum quantum prodest,
mirari ,
miraculum,
mirabilis,
admirari ,
admiratio,
admirabilis,
mirificus,
nimirum (Adv.),
miscere Stf ,
miscere poculum/bellum,
miscere domum gemitu,
admiscere ,
commiscere,
permiscere,
promiscu(u)s ,
"miser, era, erum",
miseria,
miserari,
miseratio ,
miserabilis ,
miseret,
misereri Stf Fall?,
misericordia,
mitis ,
mitigare,
immitis ,
mittere Stf ,
mittere legatos/pila,
eum missum facere,
mitte precari!,
missio ,
missibils (2: Adj./Subst.),
amittere ,
amissio,
admittere  (equum/eos in domum/eos ad rem/scelus),
circummittere,
committere,
committere pugnam/scelus,
committere ei rem,
demittere ,
demittere animum,
se demittere in vallem,
demissus (3),
dimittere,
dimittere nuntios/senatus/praedam,
emittere,
emittere eum ex urbe/e carcere,
immittere,
immittere pilum in hostes,
immittere equo frena,
immittere barbam,
intermittere  (spatium/iter),
intromittere,
omittere,
omittere obsessionem/vetera illa,
permittere,
permittere equum in eum,
permittere saxum in eum,
permittere ei imperium/ut,
praemittere,
praetermittere  (tempus/verba),
promittere  (barbam/se venturum esse),
promissum,
"remittere  (obsides, sonum/frena, animum, poenam)",
dolor (se) remittit,
remissus ,
"submittere (3) (caput, se fortunae/vitulos/ei milites)",
transmittere ,
transmittere (equos) Hiberum,
transmittere (naves) Delum,
transmittere rem servis,
modus ,
modulus,
modulari (carmen),
modicus,
immodicus,
modestus,
modestia ,
moderari ,
moderari iram/verba timore,
moderatus ,
moderator,
moderatio ,
immoderatus,
modius,
modo (Adv.) ,
non modo… sed etiam,
"modo adest, modo abest",
admodum ,
commodus ,
commodus homo,
commodum,
commoditas ,
accommodare,
incommodus ,
incommodum ,
moechus,
moenia ,
mola ,
immolare,
moles ,
moles lapidum,
moles exstruere,
moles hostium,
"moliri  (naves, muros/hinc)",
molestus,
molestia,
mollis (3),
mollitia ,
mollire ,
monere Stf,
monitum ,
monitor,
monitus,
monimentum/monumentum (3),
admonere,
admonitu (Abl.),
mons,
montanus (Adj./Subst. m.),
promonturium,
monstrum ,
monstrare ,
demonstrare ,
mora ,
morari  (-/rem),
commorari,
demorari,
remorari,
morbus ,
mordere Stf,
morsus,
"mordax, acis",
mori Stf,
mortuus,
morbundus,
mors,
mortalis,
immortalis,
immortalitas,
"mortifer, era, erum",
emori,
mos,
more maiorum,
morem ei gerere,
moratus,
movere Stf,
movere urnam/bellum,
movere rem loco,
movere castra/signa,
movere vinum (e cella),
motio,
motus,
motus Galliae,
immotus,
momentum,
magnum momentum habere ad salutem,
momenta leonis/annonae,
momentum (temporis),
mobilis ,
mobilitas,
immobilis,
amovere,
admovere,
admovere herbas,
commovere ,
commotio,
demovere,
dimovere ,
emovere ,
permovere,
promovere ,
removere,
semovere ,
submovere ,
mox (Adv.),
mucro,
mugire ,
mugitus ,
remugire Fall?,
mulcere Stf,
mulier,
muliebris,
multa,
multare,
multus Komp.?,
multo die/multa nocte,
multum morari/rogare,
multo maior,
multitudo,
"multiplex, icis",
permultus,
"complures, -a",
mulus,
mula,
"mundus (=Adj., 2)",
immundus,
mundus (Subst.),
municeps,
municipium,
munire,
munire viam,
munire urbem,
munitio,
munimentum ,
circummunire,
communire,
munus (3),
munus atque officium,
munus consulis,
ei muneri dare,
munus gladiatorium,
munia,
munificentia,
communis,
communitas,
communicare,
communicare rem,
communicare cum amico,
immunis,
immunis mali,
murex,
muria,
murmur ,
murra (myrrha),
murus,
mus,
musculus ,
Musa,
musicus (Adj.),
musicus (Subst.),
musica (ars),
muscus,
mutare ,
mutare sedem,
annona mutat,
mutare praedam vino,
mutare eum civitate,
mutatio,
mutabilis ,
immutabilis,
mutuus ,
mutuari,
commutare ,
commutatio,
immutare,
permutare ,
mutus (> muet),
myrica,
myrtus,
mysteria,
naias,
nam,
namque,
nancisci Stf,
narcissus,
nardus,
nare,
innare,
tranare,
natare  (-/mare),
naris (Sg./Pl.),
narrare  (ei rem/eum),
nasci Stf,
novem annos natus,
natus/nata eius,
natio ,
natu (Abl.),
"grandis (maior, maximus) natu",
natalis (Adj./Subst.),
natales,
natura ,
naturalis,
cognatus,
cognatio,
prognatus ?,
innasci ?,
innatus (ei),
renasci,
nasus,
nauta,
nauticus (Adj./Subst.),
navita,
navis,
navalis (Adj./Subst. n. Pl.),
pugna navalis,
in navalibus esse,
navigare ,
navigatio,
navigium,
naufragus,
naufragium (Sg./Pl.),
navus (vs. ignavus),
ignavus,
ignavia,
ne (ego hunc novi)!,
ne +Konj./+Imp.,
ne dixeris,
"opto, ne veniat",
"timeo, ne veniat",
neve/neu +Konj./+Imp.,
ut neve… neve,
"ne- (nefas, nescire)",
"neque, nec",
neque enim/vero/tamen,
necdum,
neque… neque,
ne (FrW),
laboremne fugit?,
"quaero, laboremne fugiat",
itan/satin/viden(viden) usw.,
nonne,
nonne venis?,
"quaero, nonne venerit",
necne (utrum… necne),
nebula,
nebulo,
necesse est,
necessitas ,
necessitudo ,
necessarius +Adv.? ,
res ad vivendum necessariae/homo necessarius,
nectar,
nectere Stf ,
nectere flores/bracchia,
adnectere,
conectere,
conexus,
innectere (3),
subnectere ,
negare (ei nihil/id ita esse) ,
abnegare ,
denegare,
nemo,
nemo civis,
nempe (3),
nemus,
nenia ,
nepos ,
neptis,
nequam (inv. Adj.),
nequitia,
nervus ,
neu =,
nex,
necare,
enicare Stf,
seminex,
ni,
nidor,
nidus ,
"niger, gra, grum ",
nigrans,
"nihil (Nom., Akk.)",
nil =,
nihilum (def.),
nihili esse,
ad nihilum redigere,
ex nihilo fieri,
pro nihilo habere,
nihilo minus,
nimbus ,
nimis (diu) (Adv.) ,
nimius ,
nimium (Adv.),
nitere Stf ,
nitidus,
nitor,
niti Stf (hasta/venire),
niti porro/ad gloriam/pro vero,
salus in te nititur,
nisus ,
adniti (hastae/ut),
coniti,
eniti (in aperta/in alta/ut//fetus/Alpes),
"inniti (rei, re)",
onniti (ei),
subnisus/subnixus,
nix (f./Pl.),
niveus,
nivalis,
nocere Stf,
nocens ,
innocens ,
innocentia,
innocuus ,
nodus ,
nodosus,
nomen,
nomen imperatoris,
nomen Fabium/Latinum,
nomen exigere/solvere,
nominare,
nominatim (Adv.),
cognomen ,
cognomentum =,
ignominia,
non,
norma ,
nos Dekl.?,
"noster, tra, trum",
noscere Stf ,
noscere signum/rationes/causam eius,
notus,
notitia ,
notio (3),
ignotus,
nobilis ,
nobilitas (3),
nobilitare,
ignobilis,
agnoscere Stf ,
cognoscere (3),
cognitor,
cognitio (rerum/criminis),
incognitus ,
causa incognita,
dignoscere,
ignoscere Stf,
internoscere,
pernoscere,
nota,
nota censoria,
notare ,
notare locum/perfidiam,
notare verba/verba mente/cantum,
notabilis,
notus ,
novem,
nonus,
"Nonae, arum",
novie(n)s,
noverca,
novus ,
homo novus,
res novae,
tabulae novae,
novissimus ,
novissimus venio,
novissimum agmen,
novissima exspectare,
novitas (3),
novare ,
novare arma/vulnus/formam,
renovare,
nox ,
noctu (Adv.),
nocturnus,
noxa ,
noxius ,
noxia,
innoxius ,
obnoxius (4) (furti/ei/-/frigori),
nubere (iuveni) Stf,
nuptiae,
innupta (2: Adj./Subst.),
conu(/u)bium,
nubes,
nubilus (Adj./Subst. n. Pl.),
nudus,
nudare,
nuere,
nutus (3),
nutare,
numen (3),
abnuere Stf,
adnuere,
renuere,
nugae ,
nugari,
num FrW,
num venis?,
"quaero, num venerit",
numnam,
numerus ,
numero obsidum habere,
numerare,
numerare summam/pericula,
innumerabilis,
enumerare,
innumerus,
nummus ,
nunc (Adv.),
nunc autem,
nunc… nunc,
nunciam,
nuncupare ,
nuntius (Adj./Subst. m. ),
nuntiare,
denuntiare ,
enuntiare,
enuntiatio,
pronuntiare,
renuntiare  (id ita esse/amicitiam),
renuntiare eum consulem,
nuper (Adv.) ,
nurus ,
nutrire ,
nutrix,
nux,
nympha,
o (Dave/rem miram)!,
ob ? ,
ob Romam ducere,
ob oculos versari,
ob eam rem,
obliquus,
"oblivisci Stf (eius, rem)",
oblitus PP,
oblivio ,
oblivium,
oboedire (ei),
obsc(a)enus ,
obscurus (4),
obscuritas ,
obscurare,
obses,
obsoletus ,
obsonium,
obstetrix,
occulere Stf,
occultus,
homo occultus,
occultare,
"ocior, ius",
ocius +Sup.? (Adv.),
octo,
octavus,
octoginta,
"octingenti, ae, a",
oculus ,
ocellus,
odisse,
exosus (eum),
perosus (eum),
odium ,
tu eum odio vincis,
odiosus,
odor,
odores incendere,
odoratus,
odorari,
officina,
officium ,
officiosus  (homo/labor),
oh!,
o(/o)he (iam satis est)!,
olea ,
oleum,
oleaster,
"olere (rem, re) Stf",
adolescere Stf,
adultus,
proles (3),
suboles,
olim (Adv.) (3) (fuit/est/erit),
oliva (3),
olivum,
olor,
omasum,
omen (3),
omnis ,
omnino (Adv.),
omnipotens,
onus,
onustus,
onerarius,
navis oneraria,
onerare ,
onerare curam,
opacus ,
opera (Sg./Pl.),
operam dare agro/ut,
opera mihi(/i) deest,
operosus (3) (vir/ars/templum),
operire Stf,
opimus ,
spolia opima,
opinari,
opinatio,
inopinatus ,
necopinatus,
opinabilis,
inopinans,
opinio ,
oportet Stf,
oportet (te) id facere,
opperiri Stf,
oppidum ,
oppidanus (Adj./Subst. m.),
ops (Sg./Pl.),
opulentus ,
opulentia,
inops ,
inopia,
optio,
"optare  (locum urbi/ei mortem, ut)",
optabilis,
exoptare,
adoptio,
opus ,
opus est venire/te venire,
id/ea re mihi(/i) opus est,
opusculum,
opifex,
ora (3) (silvae/Italiae/gelida),
orare ,
orator ,
oratorius,
oratio ,
orationem habere,
versus et oratio,
oraculum,
adorare  (deos/pacem),
exorare  (eum/rem),
perorare  (rem/orationem),
orbis,
orbis terrarum,
orbus ,
filia orba,
orbitas ,
orbare (eum filio),
ordiri Stf,
exordiri,
exordium,
primordium,
ordo (3),
ordo arborum/senatorius/certus,
ordinare ,
orgia,
oriri Stf,
sol/ventus oritur,
oriri/ortus esse a (ex),
ortus ,
oriens (sol),
origo,
adoriri (3) (hostem/eum minis/nefas),
cooriri ,
exoriri,
oboriri  (-/ei),
ornare ,
ornatus,
ornatus ,
ornamentum,
exornare,
ornus,
os,
os portus/fluvii,
osculum ,
os (Sg./Pl.),
ostentum,
ostium (Sg./Pl.),
ostrea,
ostrum ,
otium ,
otiosus (3),
negotium,
negotiari,
negotiator,
ovare,
consul ovans urbem init,
ovis,
ovile,
ovum,
pacisci Stf,
pacisci vitam ab eo,
merces pacta,
pactum,
quo pacto?,
pactio ,
paelex,
paene (Adv.),
paene dixi,
paenitet Stf,
paenitet me id/eius rei/adesse,
paenitere Stf (rem),
paenitentia,
pagina,
pagus ,
palam (Adv./Präp. ?),
palari,
palatum/palatus,
palla,
pallere Stf ,
pallidus,
pallor,
pallescere Stf,
palma (3),
palmes ,
palus,
"paluster, tris, tre",
pampinus,
pampineus,
pandere Stf  (manus/portas),
pandere nomen quaerenti,
passus,
passim (Adv.) ,
pandus,
pangere Stf,
pangere clavum/carmen,
pangisse pacem,
panis,
pannus,
papae!,
papaver,
"par, paris (Adj./m./n.)",
par ei/eius,
par nobile fratrum,
pariter (Adv.),
dispar,
impar ,
impar Achilli,
comparare,
comparare provincias,
consules inter se comparant,
comparatio,
parare (3) (iter/equos/proficisci),
paratus omnia pati,
paratus,
apparare ,
apparatus ,
praeparare,
reparare ,
separare,
separatim (Adv.),
parasitus,
parcere (ei/rei) Stf ,
parsimonia,
parcus ,
parere Stf ,
apparere  (stella/lictor consuli),
apparet,
parere Stf ,
partus ,
parturire ,
parens (m./f./m. Pl.),
paries,
parma,
parochus ,
parricida,
parricidium,
pars ,
partes Sullanae,
primas partes agere,
in utramque partem,
magnam partem,
particula,
partim (Adv.),
partim… partim,
partiri,
partitus,
partitio,
dispertire (-ri) ,
impertire,
tripertitus (-/Adv. -o),
"particeps, ipis (Adj./m.)",
"expers, tis  (periculi)",
parum (Adv.),
parvus +Komp.?,
minor (natu),
minus/minime (Adv.),
parvulus,
pascere Stf (3) (oves/agros/flammam),
pastor,
pastus ,
pascuum,
pabulum ,
pabulari,
pabulator,
pabulatio,
depascere/sci,
pater,
patres conscripti!,
paternus ,
patrius ,
patria,
patricius (Adj./Subst.),
patronus,
patrocinium,
patruus,
patrimonium,
patera,
patere Stf ,
patet,
patulus ,
patefacere (3),
pati Stf  (famem/id fieri),
patiens ,
patientia (4),
impatiens,
perpeti Stf ,
patina,
patrare ,
impetrare,
perpetrare ,
"pauci, ae, a",
paucitas,
perpauci,
paul(l)us,
paulum commorari,
paulo maior,
paul(l)ulus (3),
paul(l)atim (Adv.),
paul(l)isper (Adv.),
"pauper, eris (argenti) ",
pauperies,
pauperitas,
pavere Stf,
pavidus ,
impavidus,
pavor,
pavo,
pax,
pace deae/tua,
pacare,
pacatus ,
peccare,
peccatum,
pecten  (> peigne),
pectus ,
pecunia,
pecus,
pecus ,
pelagus,
appellare,
compellare ,
interpellare  (dicentem/eum in re),
pellere Stf (3),
pellere eum patria,
pellere hostes,
pulsus ,
pulsare ,
appellere Stf ,
compellere,
depellere ,
expellere ,
impulsus ,
perpellere ,
propellere  (navem/hostes),
propulsare (hostes),
repellere,
repellere hostes/petentem,
repulsa,
pellis ,
penates,
pendere Stf,
pendere in aere,
fortuna pendet,
impendere  (saxum/bellum impendet),
pendere Stf ,
pendere vectigal/poenas,
pensum ,
compensare ,
expendere Stf ,
impendere (pecuniam in eam rem),
impensa,
propensus,
suspendere,
suspensus,
penes ?,
penitus (Adv.) ,
penetrare (in urbem/urbem),
penetralis,
penetralia (n.Pl.),
penna,
penuria,
per ?,
per Italiam fugere,
per oram maritimam,
per manus tradere,
per multos annos,
per ludos,
per amicos nuntiare,
per dolum/vim,
per iram/somnum,
per tutelam fallere,
per me licet,
per deos te oro,
percellere Stf ,
percunctari = ?,
peritus (belli),
peritia,
imperitus (rerum),
imperitia,
periculum (3),
periculosus,
periclitari  (fortunam/fama),
experiri Stf ,
expertus PP,
inexpertus ,
experimentum ,
experientia ,
perna,
"pernix, icis ",
pernicies,
perniciosus,
perpetuus (Adv. -o),
perpetuitas,
persona ,
pes,
pedem referre,
pedibus in sententiam eius ire,
pes veli,
pedes ,
peditatus,
"pedester, tris, tre ",
compes ,
expedire,
expedire eum cura/sibi/i locum/negotia,
expedire arma/iter,
expedit ei,
expeditus ,
expeditio,
impedire ,
impedire caput myrto,
impedire eum fuga/fugam,
impeditus (3) (hostis/ripa/tempus),
impedimentum (Sg./Pl.),
quadrupes (Adj./Subst.),
pestis ,
pestilens,
"pestifer, era, erum",
petere Stf,
petere Romam/hostes,
petere pacem ab eo,
petere consulatum/hereditatem,
petitio ,
appetere ,
appetitio,
appetitus,
expetere,
oppetere (malum),
"repetere (4) (urbem/obsides/relicta, studia, praecepta/rem a capite)",
suppetere ,
petorritum,
phalanx,
pharetra,
philosophus,
philosophia,
philosophari,
physicus (Adj./Subst.),
"physia, ae/ -a, orum",
"piger, gra, grum",
impiger,
"piget Stf (me facti, me id facere)",
pignus,
pila ,
pilum,
pilus,
pingere Stf ,
pingere togam palmis,
pictor,
pictura ,
pinguis (5) (agnus/ager/somnus/mens/oratio),
pinna (3),
pinus ,
pineus,
piper,
pirata,
pirus,
piscis,
pistrinum,
pituita ,
pius (5),
dolor pius,
pietas (5),
piare  (nefas/deos),
piaculum ,
expiare (3) (scelus/forum/manes),
impius,
pix,
piceus ,
picea,
placare,
placenta,
placere Stf,
placet senatui,
placitus (amor),
displicere,
placidus,
plaga,
plaga ,
plangere Stf ,
plangor ,
planta ,
planus ,
plane (Adv.) ,
planities,
explanare,
plantanus,
platea,
plaudere Stf ,
plaudere alis/rostro,
plaudere choreas pedibus,
plaudere ei,
plausus,
plaustrum,
explodere Stf,
plebis ,
plebeius ,
plecti Stf,
amplecti Stf ,
amplexus,
amplexari,
complecti,
complexus,
plectrum ,
"plenus (spei, spe)",
complere Stf (3),
explere ,
implere,
replere (3),
supplere,
supplementum,
"plerique, aeque, aque",
plerumque (Adv.),
plicare Stf,
applicare Stf,
explicare,
explicare aciem/causam,
explicare se/fugam,
explicatio,
implicare,
implicare tempora ramo/eum bello,
implicare aciem,
implicare bracchia ei,
plorare ,
deplorare,
implorare ,
pluit Stf,
pluvius,
pluvia,
pluma,
"plus, pluris",
pluteus,
poena ,
punire ,
impune (Adv.),
impunitas ,
poeta,
poema,
pol!,
polire,
homo politus,
pollere,
pollex,
polliceri Stf,
pollicitatio,
polluere Stf,
pollutus princeps,
polus ,
pompa ,
pomum (Sg./Pl.),
"pomifer, era, erum",
pondus,
ponderare ,
pondo (inv.),
pone (Adv./Präp. Akk.),
ponere Stf,
ponere in terra,
ponere arma/castra,
ponere spem in virtute,
ponere mortem in malis,
apponere  (rem/cibus),
anteponere,
componere ,
componere dicta cum factis,
componere orationem,
componere togam/bellum,
compositio (3),
deponere ,
deponere rem apud amicum,
disponere  (vigilias in muro/argumenta),
exponere ,
imponere (in navem/navi),
interponere,
"se interponere (rei, in rem) ",
interponere causam/fidem,
opponere,
opponere rem pignori,
postponere (eum ei),
praeponere (eum ei) ,
proponere (id ei),
proponere ei praemium/res gestas/id animo,
propositum ,
reponere ,
reponere fruges in cella/in hiemem,
reponere spem in armis,
reponere eum in deos,
reponere haec ei/pontes,
seponere ,
supponere ,
pons,
pontifex,
pontificius,
pontus,
popina,
poples ,
populari ,
populare = ?,
populatio (vs. population!!),
depopulari,
populus,
populus ,
populus Romanus,
popularis ,
leges populares,
optimates/populares,
popularis meus/sceleris,
porcus,
porro (Adv.),
"porrum/us, -i (m.)",
porta ,
portare,
apportare ,
comportare,
deportare ,
importare  (vinum/fraudem),
reportare ,
supportare,
transportare,
portentum ,
porticus,
opportunus,
opportunus ei/ad omnia,
opportunus periculo,
opportunitas,
importunus (3) (locus/fatum/hostis),
portus,
poscere Stf ,
poscere numina,
poscere cur veniat,
deposcere,
deposcere eum,
exposcere ,
reposcere,
post (Adv./Präp. Akk.),
paulo post,
post montem/fugam,
maximus post Hannibalem dux,
"postquam (vidi, videbam, video) ",
posterus (dies),
posterior ,
postremus ,
postremum/-o (Adv.),
posteritas,
postis (Sg./Pl.),
postridie (Adv.),
postridie idus/eius diei,
postulare,
postulare eum maiestatis,
postulatum,
expostulare ,
potis (pote) esse,
potis (-e) est,
potior/potissimus,
potius/potissimum (Adv.),
potestas ,
"potiri (urbe, urbis) ",
"compos, otis (mentis/mente)",
potens,
potentia,
impotens,
impotens (sui),
praepotens,
potor,
potio,
poculum,
potare,
potus (PP),
prae (Adv./Präp. ?),
i prae!,
prae se ferre,
prae nobis beatus,
prae ira loqui non posse,
praeco,
praeconium ,
praeda ,
praedo,
praedari ,
praeditus (sensu) ,
praedium,
praemium ,
praesepe/praesaepe,
praesertim (Adv.),
praesto (Adv.),
praeter ?,
praeter urbem/spem/modum/me,
praeterquam quod,
praetor (urbanus/Bithyniae/Achaeorum),
praetura,
praetorius ,
cohors praetoria ,
praetorium (n. Subst.) ,
praetorianus,
propraetor,
prandere Stf,
impransus,
pratum,
pravus ,
pravitas ,
depravare,
preces ,
precari ,
deprecari  (eum/vitam//mortem),
prehendere Stf,
prensare,
comprehendere ,
comprehendere rem (mente),
comprehensio ,
deprehendere,
reprehendere (3),
reprehensio,
premere Stf ,
comprimere ,
comprimere mulierem,
deprimere ,
deprimere navem/fossam,
exprimere,
exprimere nummos ab eo/vultus eorum,
imprimere  (signum/ceram),
opprimere,
opprimere hostes incautos,
reprimere  (Mithridatem/conatus),
supprimere ,
pretium ,
pretiosus,
pridem (Adv.),
pridie (Adv./Präp.),
pridie idus/eius diei,
primus,
"princeps, ipis",
princeps rei publicae,
centurio princeps,
hastati et principes,
principatus (3),
principium ,
principia legionum/castrorum,
prior /primus ,
prior/primus venit,
prius (Adv.),
primum/-o (Adv.),
priusquam (prius… quam),
primarius,
primoris,
imprimis (in primis) (Adv.),
priscus ,
pristinus ,
privignus,
privus ,
privare (eum re),
privatus (Adj./Subst.),
privatim (Adv.),
pro ?,
pro muro/salute/malis/numero,
pro (deum fidem)!,
probrum ,
probrosus ,
exprobrare (fugam),
opprobrium ,
probus ,
probitas,
probare (rem/ei rem),
probatus ,
probabilis,
approbare,
approbatio,
comprobare,
improbus ,
improbitas,
improbare,
"procax, acis ",
procax otii,
procella,
proceres,
procerus,
procul (Adv.) ,
procus,
prodigium ,
prodigus (+Gen.) ,
proelium,
proeliari,
prologus,
promulgare (legem),
pronus ,
propago ,
prope Komp.? (Adv./Präp. Akk.),
prope esse/tumulum,
prope confectus,
propior/proximus,
proximi eorum,
propinquus ,
propinquitas ,
"propinquare (amni, amnem)",
appropinquare (ei),
propemodum (Adv.),
properus,
properare ,
"proprius (eius, ei) ",
propter ? ,
propter urbem/frigus,
prorsus (-um) (Adv.) ,
prosper(us),
protervus ,
pro-/protinus (Adv.) (ire Romam) ,
provincia ,
provincialis (Adj./Subst. m. Pl.),
prudens ,
prudentia ,
imprudens ,
imprudentia ,
pruina ,
psaltria,
"puber, eris ",
pubes (3),
pubescere,
impubis ,
publicus,
res publica,
in publicum emere/prodire,
publice (Adv.) ,
publicare ,
publicanus,
pudet Stf (eum facti),
pudens,
impudens ,
impudentia ,
pudendus,
pudicus (--> Hippolytus),
pudicitia,
impudicitia (> impudicus),
pudor ,
repudiare,
puer ,
puella ,
pueritia,
puerilis ,
puerpera,
pugil,
pugnus,
pugnare,
id secum pugnat,
pugna ,
"pugnax, acis",
depugnare,
expugnare (3) (urbem/eum acie/coepta),
impugnare,
oppugnare (urbem) ,
oppugnatio ,
propugnare (hinc) ,
repugnare ,
ea inter se pugnant,
"pulcher, chra, chrum",
pulchritudo,
pullus ,
pullus (Adj./Subst. n.),
pulmentum,
pulmo,
pulpitum ,
pultare (fores),
pulvis ,
pulverulentus,
pumex ,
pungere Stf,
punctum ,
punctum temporis,
omnia puncta ferre,
pugio,
puniceus ,
pupillus,
puppis ,
purpura ,
purpureus (3),
purus,
purgare ,
expurgare,
impurus,
pusillus ,
putare (4) (vites/id parvi/id ita esse/id verum),
amputare  (ramos/vitem),
deputare (id tale),
disputare,
disputatio,
imputare,
reputare,
putere Stf,
putidus ,
"puter, tris, tre (3)",
puteus  (> puits),
puteal,
pyra,
qua (Adv.) (3),
haudquaquam,
nequaquam,
quapropter ,
quatenus (rel.) ,
quadrigae,
quaerere Stf ,
quaerere viam ab (ex) eo,
quaerere de morte eius,
quaestio ,
quaestus,
quaestor ,
quaestura,
quaeritare,
acquirere Stf,
anquirere,
exquirere,
inquirere (vitia) ,
requirere (rem) ,
quaeso/quaesumus,
qualis,
quali animo est?,
talis est qualis tu,
qualitas,
qualiscumque,
quam (Adv.),
quam diu affuit?,
non tam fortis quam audax,
maior quam,
quam maximus,
quamlibet,
quamvis ,
quamquam ,
quando,
"quando vult, maneo",
quandocumque ,
quandoque,
quando-/quandoquidem,
quantus ,
tantus… quantus,
quantum armorum?,
quantum possum,
quanto… tanto,
quatere Stf ,
quassare  (> casser),
concutere Stf (terram/tela),
decutere,
excutere (eum curru/comas/bracchia/locum),
incutere,
percutere ,
percussor,
quattuor,
quartus,
quater,
quadraginta,
"quadrigenti, ae, a",
quadrare (tr/intr) (je 2),
quadrans,
angehängtes que,
que… que (angehängt),
quercus,
queri Stf ,
questus,
querela,
querimonia,
querulus,
conqueri ,
qui (Adv.),
nequiquam,
quia,
quidem (nachgestellt),
"multi quidem sunt, sed imperiti",
ne is quidem,
equidem,
quies (3),
quiescere Stf,
quietus,
inquietus,
acquiescere,
conquiescere,
requies,
requiescere,
quin?,
quin venis/veni,
quin etiam,
non dubitare quin ,
nemo est quin sciat,
quinque,
quintus,
"quini, ae, a",
quindecim,
quinquaginta,
"quingenti, ae, a",
quippe ,
quippe qui/ cum + Konj.,
quire Stf,
nequire,
Quiris,
quis/quid?,
"qui, quae, quod?",
quis civis?/qui locus?,
si quis/quae (qua) res,
"Scipio, qui",
"is, qui",
Caesar obsides imperavit. Qui adducti sunt.,
quid? (adv. Akk.),
quomodo (quo modo),
quare (qua re),
quemadmodum (quem ad modum),
quisnam?,
quidni?,
ecquis (adest)?,
quispiam,
quisquam,
neque quisquam,
quisque,
se quisque tuetur,
quid quisque vult?,
optimus quisque,
nono quoque die,
unusquisque,
quisquis,
quicumque,
quilibet,
quidam (Sg./Pl.),
quo (Abl. Sg. n.),
"quo maior, eo peior",
quo facilius sit,
quominus (+ Konj.),
impedire quominus,
quo (Adv.),
quoqueversus (quoquo-),
quocumque,
quoad (+ Ind./+ Konj.),
quocirca (Adv.),
quod (Konjunktion) ,
quom (AL = ?),
quondam (3),
quoniam,
quoque (nachgestellt),
quor (AL = ?),
quorsum? (-us) (Adv.),
quot (inv),
tot… quot,
quotie(n)s,
quotus,
rabies ,
rabidus ,
racemus,
radere Stf  (> raser),
raster (mst. Pl.),
radius (4),
radiare,
radix,
raeda,
ramus,
rana,
rapere Stf,
rapere pecus/puellam,
rapere viam/colorem,
rapere urbes,
raptum,
raptor,
raptus,
raptim (Adv.),
raptare ,
rapina,
"rapax, acis ",
rapidus,
abripere Stf,
arripere,
corripere,
corripere hastam,
corripere eum dictis,
corripere gradum/campum,
deripere,
diripere,
diripere domum/urbem,
eripere,
surripere,
rapulum,
rarus ,
raro (Adv.),
ratis,
raucus,
ravus,
recens,
recens (a) victoria,
redimire,
regere Stf (3),
rectus ,
recte (Adv.) ,
rector,
regio (3),
e regione ,
regimen ,
arrigere Stf ,
corrigere,
correctio,
dirigere ,
directus,
erigere,
erigere turrim/agmen in montem,
porrigere (manum/aciem/poculum),
pergere Stf (iter/id agere/Romam),
expergisci Stf.,
surgere Stf,
assurgere,
consurgere,
exsurgere,
insurgere,
resurgere,
rex (4),
regulus ,
regina,
regius,
regia (domus) ,
regalis,
regnum ,
regnare,
regnari,
regnator,
interrex,
interregum,
regula ,
religio,
religio Numae,
religio deorum,
religio templi,
religionem templi violare/expiare,
res mihi/i religioni est,
religiosus (3),
remus,
remex,
remigium (3),
triremis (navis),
quinqueremis (navis),
renes,
renidere ,
repente (Adv.),
repentinus,
repentinus exercitus,
repere Stf,
prorepere,
reperire Stf. ,
reri Stf,
ratus +AcI,
ratus ,
pro rata (parte),
irritus  (vs. ratus),
ratio ,
mens atque ratio,
ratio Stoicorum,
ratio belli gerendi,
ratio auri constat,
rationem afferre,
res,
res familiaris,
res militaris,
res gestae ,
reapse (Adv.),
reus (facti),
reum facere,
retro (Adv.),
retrosum (Adv.),
rete,
rhetor,
rhetoricus,
rhombus,
rictus/rictum,
ridere Stf ,
risus,
ridiculus ,
arridere,
deridere,
derisor,
irridere (-/eum),
subridere (-/ei),
rigare (aquam/lucum),
irrigare ,
irriguus ,
rima,
rimari ,
ripa,
ritus ,
rite (Adv.),
rivus ,
rivalis,
rixa,
robur (3),
robustus ,
rodere Stf ,
rostrum (Sg./Pl.),
rogare,
rogare populum,
"rogare eum, ut veniat",
rogare auxilium/legem,
rogatio,
rogitare,
abrogare (legem/ei imperium),
arrogare,
sibi/i arrogare,
arrogans,
arrogantia,
interrogare,
interrogare eum ambitus,
interrogatio ,
prorogare (imperium),
rogus,
ros ,
roscidus ,
rorare ,
rosa,
roseus ,
rota ,
rotare,
rotundus (3),
"ruber, bra, brum",
rubere Stf ,
rubor ,
rubescere Stf.,
erubescere ,
rudens ,
rudere Stf,
rudis ,
erudire,
eruditio ,
ruere Stf (3) (-/molem/spumam),
ruina (Sg./Pl.),
corruere,
diruere (domum),
eruere ,
irruere,
obruere (eum telis),
proruere (-/domum),
ruga,
rumor (3),
rumpere Stf (3) (vincula/viam/vocem),
rupes ,
abrumpere ,
corrumpere,
corrumpere iudices,
corruptela ,
incorruptus,
erumpere (tr./intr.),
se erumpere portis,
eruptio,
"irrumpere (oppidum, in oppidum)",
interrumpere,
perrumpere (aciem/per aciem),
praeruptus (locus),
prorumpere (tr./intr.),
rursus (-um) (Adv.) (3),
rus,
rus/rure/ruri,
rusticus ,
rusticus (m. Subst.),
ruricola,
ruricola (bos),
rutilus,
saccus,
"sacer, cra, crum (Iovis, Iovi)",
sacrum ,
sacrarium,
sacrare (3),
sacramentum ,
consecrare ,
obsecrare (eum),
sacrificium,
sacrificare,
sacrificare capris (Abl.),
sacrilegus ,
sacrilegus (m. Subst.),
sacerdos,
sacerdotium,
saeculum (3),
saepe (Adv.),
saepenumero (Adv.),
persaepe (Adv.),
saepire Stf,
saepes,
saeta,
saevus,
saevitia,
saevire,
"sagax, acis ",
sagitta,
sagittarius,
sal (3),
salsus (3),
salire Stf,
saltus,
saltare ,
exsultare ,
"insultare (floribus/ei, eum)",
resultare ,
desilire Stf,
dissilire,
exsilire,
prosilire,
transilire ,
salix,
saltem (Adv.),
saltus ,
salus (3),
salutem dicere,
salutaris ,
salutare ,
"saluber, bris, bre",
salvus,
salvere,
salve!,
sancire Stf (3),
sanctus ,
sanctitas (3),
sanguis,
sanguineus,
consangineus (Adj./Subst.),
sanguinulentus,
exsanguis ,
sanies ,
sanus ,
sane (Adv.),
sanitas ,
sanare ,
insanus ,
insania,
insanire,
sapere Stf ,
sapere recta,
sapiens (Adj./Subst.),
sapientia ,
insipiens,
sapor ,
desipere,
sarcire Stf ,
sarcina (Sg./Pl.),
sat/satis (Adv.),
satius est,
satietas ,
satiare ,
satisfacere (legi/ei de hac re),
"satur, ura, urum ",
satura,
saturare,
satelles ,
satyrus,
saucius,
sauciare,
saxum,
scabies (3),
scaena,
scalae,
scalpere Stf ,
scandere Stf,
ascendere Stf ,
ascensus,
conscendere,
conscendere (navem),
descendere,
descendere (in forum),
escendere ,
transcendere ,
scapha,
scelus ,
scelestus,
sceleratus ,
schola ,
sceptrum ,
scilicet (Adv.),
scindere Stf,
scindere terram ferro,
scindere agmen/viam,
abscindere ,
exscindere (urbem),
rescindere ,
scire ,
sciens ,
scientia,
insciens ,
inscientia,
sciscere Stf  (quid fiat/legem),
scitus ,
inscitus,
inscitia ,
scitum,
asciscere ,
desciscere,
resciscere,
ascire,
nescire,
conscientia ,
conscius (facti) (Adj./Subst.),
conscius sibi/i culpae,
inscius,
nescius ,
scopulus,
scortum,
scribere Stf ,
scribere bellum/milites,
scriptum ,
scriptor ,
scriptura ,
scriba,
ascribere,
conscribere (cives/librum),
conscribere milites,
describere (verba/formas),
describere pugnam,
describere partes,
describere iis munera,
discribere,
discriptio,
inscribere (nomen/aram),
inscribere librum Laelium,
perscribere (rem/ei pecuniam),
praescribere (nomen rei/id ei),
proscribere (legem/agrum/eum),
proscriptio ,
rescribere ,
scrinium,
scrobis,
scrupulus ,
scrutari ,
scurra,
scurrari (ei),
scutum ,
scyphus,
secare Stf ,
secare pontum/viam,
exsecare,
resecare,
sectari (eum),
consectari,
insectari,
secundus ,
secundo flumine,
res secundae,
secundum ? ,
secundum hunc diem/deos,
secundum mare/leges,
secundum eum decernere,
securis,
secus (Adv.),
secus atque,
secus cedere,
sed,
sedare,
sedatio,
sedere Stf,
sedile,
assidere Stf,
assidere urbi/urbem,
assiduus (civis/labor),
circumsedere,
consessus,
desidere,
desidia,
dissidere (ab eo/cum eo/ei),
insidiae ,
obsidere (viam),
obsidetur locus rebus,
obsessio,
obsidio,
obsidium,
possidere,
possessio,
praesidere (urbi/urbem) ,
praesidium ,
residere,
subsidium ,
sedes,
sedulus,
sedulo (Adv.) ,
sedulitas,
seditio,
seditiosus,
seges ,
segnis ,
segnitia,
sella,
subsellium ,
semel (Adv.),
semita,
semper (Adv.),
sempiternus,
"senex, senis (Adj./Subst.)",
senior,
senectus,
senecta,
senatus ,
senator ,
senatorius,
senilis,
senescere Stf ,
sentire Stf,
sensus ,
sensim (Adv.),
sententia ,
assentiri,
assensio,
assensus,
assentari,
assentator,
assentatio,
consentire,
consensus,
consentaneus (tempori),
dissentire (ab eo/cum eo),
dissensio,
praesentire,
praesensio,
sentis,
sepelire Stf,
sepultura,
sepulcrum,
septem,
septimus,
"septeni, ae, a",
septuaginta,
"septingenti, ae, a",
septentriones ,
sequi Stf (eum),
"sequax, acis",
assequi,
consequi ,
exsequi (ius armis/iussa),
exsequi singula verbis,
exsequiae,
insequi (eum) ,
obsequi (ei/rei),
obsequium,
persequi ,
persequi rem versibus,
prosequi,
prosequi cedentem donis,
prosequi rem verbis,
subsequi,
sera,
reserare,
serenus,
serere Stf.,
serta,
series,
conserere,
conserere manus/pugnam,
deserere,
desertus ,
desertor ,
disserere,
inserere ,
serere Stf. ,
satus Anchisa,
sata ,
satus ,
conserere Stf. ,
inserere (ramos piro/pirum),
semen ,
serius (Adv. -o),
sermo (3),
serpere Stf ,
serpens,
serus (Adv. -o),
servare ,
servare fructus/domum/legem,
se servare ad maiora,
conservare ,
conservator,
conservatio,
observare (caelum/leges/patrem),
observatio,
reservare,
servus (Adj./Subst.),
serva,
servulus,
servitus,
servitium (Sg./Pl.),
servilis,
servire,
praedium servit,
conservus,
sestertius,
duo sestertia/bis sestertium,
setius (Adv.) ,
nihilo setius,
seu = ?,
severus,
severitas,
asseverare (in ea re/id ita esse),
perseverare ,
sex,
sextus,
Sextilis (mensis),
"seni, ae, a",
sedecim,
sexaginta,
"sescenti, ae, a",
sexus,
si,
"conari, si",
siquidem ,
sin (si…; sin…),
etsi ,
etiamsi,
tametsi ,
nisi,
non… nisi,
quasi (3),
quodsi,
sic,
"sic loquar, ut audias",
sicut(i) (3),
sica ,
sicarius,
siccus ,
siccare ,
sidere Stf.,
considere Stf.,
montes considerunt,
"insidere (viae, viam, in via) ",
obsidere (locum),
residere,
subsidere,
subsidere eum,
sidus,
sidereus ,
signum ,
signa legionum,
signa convertere,
signa inferre Gallis,
signa conferre cum hoste,
sigillum,
signare,
signare epistulam/pecuniam/nomen aere,
assignare,
consignare ,
designare,
consul designatus,
obsignare,
resignare ,
"signifer, era, erum (Adj./Subst.)",
signifer (orbis),
significare (3),
significatio ,
antesignanus (Sg./Pl.),
insignis ,
insigne,
silere Stf. (-/rem),
silentium,
silex ,
silva ,
silvestris ,
"similis (eius, ei)",
veri similis,
similitudo,
"simulare (eum, id) ",
simulat se id scire,
simulatio ,
simulacrum ,
assimulare ,
dissimulare ,
dissimulatio ,
insimulare,
consimilis,
dissimilis,
dissimilitudo,
"simplex, icis ",
simplicitas ,
simul (Adv.),
simulac (-atque),
simultas,
sincerus ,
sine + Fall?,
sinere Stf.,
desinere Stf. (rem/loqui),
"singuli, ae, a ",
di singulis provident,
singularis ,
"sinister, tra, trum (3)",
sinus (3),
sis (nach Imp.),
sistere Stf. ,
sistere equos/templum/civitatem,
sistit amnis/res publica,
absistere Stf. ,
assistere ,
circumsistere Stf. (eum) (3),
consistere Stf.,
labor consistit,
cibus in lacte consistit,
desistere (conatu/fugere),
exsistere ,
"insistere (rei, rem, re, in re) ",
insistere viam/hosti/in bellum,
obsistere (ei),
resistere ,
subsistere (3),
sitis ,
sitire (-/aquam),
situs (ibi/i//in casu),
Aeneas ibi/i situs est,
situs ,
"sive, seu",
sive… sive,
soccus,
socer (Sg./Pl.),
socrus,
socius (Adj./Subst.),
societas (3),
socialis,
sociare ,
sodalis ,
sodes (nach Imp.) ,
sol ,
solari (eum/famem),
solacium (3),
consolari ,
consolatio,
solere Stf.,
soleo adesse,
ultra solitum,
insolitus ,
insolens ,
insolentia ,
solidus ,
solium,
"sollemnis, -ers, sollicitus",
solum,
solea,
solus ,
solum (Adv.),
solitudo,
solvere Stf ,
solvere (ancoram),
solvere pecuniam/vota,
solvere eum lege,
solvere pontem/membra,
solutus ,
absolvere (reum/rem),
absolutus,
dissolvere ,
dissolutus ,
exsolvere,
exsolvere nodum/promissa,
exsolvere eum poena,
persolvere,
resolvere,
somnus ,
somnium (3),
somniare,
sonare Stf (-/magna/bella),
sonitus,
sonus,
sonorus,
sonipes,
insonare,
personare (-/aurem),
resonare (intr./tr.),
sopor,
sopire (Akt./Pass.),
sordes (4),
sordere Stf ,
munera ei sordent,
sordidus (4),
sorites,
soror,
sors (6),
sortiri  (-/rem),
"consors, tis  (Adj./Subst.)",
"sospes, itis",
spargere Stf.  ,
aspergere  Stf.,
dispergere ,
spatium ,
spatium castrorum,
spatium octo milium/Academiae,
spatium pugnae/deliberandi,
spatiosus,
spatiari ,
specere Stf.,
spectare ,
spectare fugam,
res ad eum spectat,
spectatus ,
spectator ,
spectaculum ,
spectabilis ,
exspectare ,
exspectatio,
species (3),
per speciem; specie,
speciosus,
specula ,
speculari,
speculator,
speculum,
aspicere Stf. ,
aspectus,
aspectare,
circumspicere ,
conspicere (Akt./Pass.),
conspectus ,
conspicuus ,
despicere ,
despectus,
dispicere ,
inspicere ,
inspectare,
introspicere ,
perspicere (3),
perspicuus ,
perspicuitas,
prospicere (e turri/classem/ei/rem),
prospectus,
prospectare (rem),
respicere (ad urbem/urbem/aetatem/subsidia),
suspicere (caelum/servum),
suspectus,
suspectare,
conspicari,
suspicari,
suspicio ,
specus ,
spelunca,
spernere Stf.,
aspernari ,
spes,
sperare,
desperare (de re),
fuga desperata,
desperatio,
sphaera ,
spiculum ,
spina,
spira,
spirare (-/rem),
spiritus ,
spiritus dare,
aspirare ,
aspirare ad eum/ei rei,
Iuno eunti ventum aspirat,
exspirare ,
exspirare (animam),
inspirare,
respirare ,
suspirare,
spissus ,
splendere,
splendidus,
splendor ,
spolium ,
spoliare,
spondere Stf. ,
sponsus (Adj./Subst.),
sponsor,
sponsio (3),
despondere Stf.,
despondere (filiam),
respondere ,
responsum,
responare ,
mea sponte,
spuma,
spumeus,
spumare,
squalere ,
squalidus (3),
squalor (3),
squama,
squilla,
stadium ,
stagnum ,
stamen ,
stare Stf.,
stare a barbaris,
stare a promissis,
stant comae auro,
stare magno,
"per me stat, ne",
statio (3),
status ,
statua,
stativus,
stativa (castra),
statim (Adv.),
stabulum,
stabilis ,
stabilitas,
stabilire ,
astare Stf.,
circumstare Stf.,
constare Stf. ,
sibi/i constat,
magno constare,
constans ,
constantia ,
inconstans,
inconstantia,
distare (ab eo) ,
exstare (ex aqua),
instare (hosti/-),
obstare,
perstare ,
praestare ,
praestare ei virtute,
praestat + Inf.,
praestare damnum/officium,
se praestare fortem,
praestans,
praestantia,
praestabilis,
restare (ibi/i//ei),
"superstes, itis (eius, ei)",
statuere Stf. (aram/diem/abire),
constituere ,
constituere aciem/reges/plebem in agro publico,
constituere diem/reverti/rem domesticam,
constitutio ,
destituere,
instituere (aciem/ludos/eum sic),
institutum ,
institutio ,
restituere ,
stella,
sterilis,
sternere Stf. ,
sternere muros/pontum,
sternere viam silice,
stratum ,
stramentum ,
consternere,
prosternere ,
stertere,
stilus,
stimulus (3),
stimulare ,
exstimulare,
distinguere Stf. ,
distinctio,
exstinguere,
restinguere,
destinare ,
obstinatus,
stipes ,
stipare (3),
stipula ,
stipendium ,
stipendia facere,
multa stipendia habere,
stirps (3),
stola,
stomachus ,
stomachari,
strages (3),
strenuus ,
strepere Stf. ,
strepitus ,
obstrepere (ei/eum),
stridere/stridere Stf.,
stridor,
stringere Stf. (pedem dente/folia/gladium/rem vinculo),
astringere,
constringere,
destringere (gladium),
obstringere ,
struere Stf. ,
construere,
exstruere ,
instruere (tigna/aggerem/eum telis),
instruere aciem,
instrumentum ,
obstruere (murum/portam),
studere Stf. (arti),
studere litteris,
studium,
studiosus (-/mei),
stultus,
stultitia,
stupere Stf. (-/rem),
obstupescere Stf. ,
stupefacere,
stuprum,
suadere Stf. (legem/ut/AcI),
persuadere (ei ut/ei id ita esse),
suavis,
suavitas,
sub +Fälle?,
sub murum ire,
sub muro esse,
sub finem venire,
sub fine esse,
sub lucem,
sub hoc anno/luce,
subitus (Adv. -o),
sublica,
sublimis,
sublime (Adv.),
subter (Adv.//Präp. Akk./Abl.),
subter praecordia/densa testudine,
subtilis (3),
subtilitas (3),
sucus ,
sudare ,
sudor ,
sudis,
suescere Stf.  (labori),
suevisse (+ Inf.),
suetus ,
insuetus ,
assuescere ,
assuefacere,
consuescere,
consuetudo ,
desuetus,
suffragium ,
sulcus,
sui,
suus,
suo tempore,
sulphur,
sumere Stf.,
sumptus,
absumere,
assumere,
sibi/i assumere,
consumere,
insumere,
praesumere (3),
resumere,
summus (3),
summa ,
supellex ,
super (Adv./Präp. +Fälle?),
super tumulum columnam statuere,
super flumen situs esse/progredi,
super cenam,
super capite/nocte,
super hac re missus,
desuper (Adv.),
insuper (Adv.),
superbus (3),
superbia,
superstitio,
superstitiosus,
superus +Komp.?,
superi,
superior annus/vir,
supremus dies,
supernus,
superare ,
superare (montes/amicos/hostes),
exsuperare ,
supinus,
resupinus,
suppeditare ,
"supplex, icis",
supplicium (3),
supplicare (ei),
supplicatio,
supra (Adv./Präp. ?),
quem supra diximus,
supra nubem,
sura,
surdus ,
sus,
suscensere Stf.,
sutor,
tabes (3),
tabum ,
taberna ,
tabernaculum ,
tabula ,
tabella ,
tabulatum,
contabulatio,
tacere Stf. (-/rem),
tacitus ,
taciturnus,
conticescere Stf.,
reticere,
taeda (3),
taedet Stf. (eum vitae),
taedium,
"taeter, tra, trum",
talentum,
talis,
talus ,
tam (Adv.),
tamquam,
tamen,
tandem (+ Verb/FrW),
tangere Stf. ,
tactus ,
intactus,
attingere Stf.,
contingere (eum/ei),
obtingere (ei),
contagio ,
tantus/tantum,
tantum (Adv.) ,
tantummodo (Adv.),
tantulus/tantulum,
tantisper (Adv.) ,
tantopere (Adv.),
tantusdem//tantum/-ndem,
tardus ,
tarditas,
tardare,
taurus,
taxus,
te (angehängt) (tute),
tegere Stf. (3),
tectum (3),
teg(i)men ,
teg(i)mentum ,
contegere,
detegere,
integere,
protegere ,
retegere,
tela ,
tellus,
telum ,
temerare,
temere (Adv.),
temeritas ,
temerarius,
temnere Stf.,
contemnere,
contemptio,
contemptus,
temperare ,
temperare sibi/i//hosti,
temperare a lacrimis,
temperare vinum/ratem/iras,
temperantia,
intemperantia,
temperatio ,
obtemperare (ei),
templum (3),
contemplari,
contemplatio,
extemplo (Adv.),
temptare (tent-) ,
temptare moenia/nationes,
pertemptare (is rem/tremor corpus pertemptat),
retemptare,
tempus (Sg./Pl.),
tempestas (3),
tempestivus (3),
intempestivus,
intempestus (nox),
temulentus,
tendere Stf.,
tendere arcum,
tendere (tabernaculum),
tendere (cursum) eo,
tendere acriter,
tentorium,
attendere Stf. (animum),
attentus,
contendere ,
contendere duas leges/cum iis proelio,
contendere nervum/telum,
contendere de praemio/Romam/id ita esse,
contentio ,
distendere (aciem/bracchia/ubera),
extendere,
intendere (3),
intendere funem/telum in eum/illuc/id,
intentare (sicam),
obtendere (3),
obtenditur insula orae,
ostendere (pectus/praemia/causas),
ostentare ,
ostentatio,
portendere (Akt./Pass.),
praetendere (hastam/saepem/aetatem),
protendere,
tenebrae,
"tener, era, erum ",
tenere Stf.,
tenere (iter) Naxum,
imber diu tenet,
"tenax, acis (propositi/-(3))",
abstinere ,
abstinere (ab) iniuria,
attinere (is rem/res ad eum),
continere ,
contentus (hac re),
continens ,
continens (terra),
continentia,
incontinens,
continnus ,
continuo (Adv.),
continuare (iter/agros),
detinere,
distinere (copias),
obtinere (locum),
"obtinere, ut",
caligo obtinet,
pertinere (ad Rhenum/ad vitam),
"pertinax, acis",
pertinacia,
retinere ,
sustinere (aedem),
sustinere plebem/munus,
sustinere vim/equum,
sustentare ,
tenuis (3),
tenuis vestis/distinctio/cibus/spes,
tenuitas (3),
tenuare ,
extenuare ,
"tenus (nach Gen., Abl.)",
"Tauri, Tauro tenus",
verbo tenus,
tepere Stf. ,
tepidus ,
tepefacere,
terere Stf. ,
terere vestem/diem,
atterere ,
conterere ,
detrimentum,
proterere ,
"teres, etis ",
tergum ,
terminus ,
terminare ,
exterminare,
terra,
terrenus (3),
"terrester, tris, tre ",
terrere Stf. (3),
territare,
interritus,
terribilis,
terror,
absterrere,
deterrere,
exterrere,
perterrere,
testa (3),
testis,
testimonium,
testari (3),
testatus PP,
testamentum,
detestari,
detestabilis,
obtestari (eum/id ita esse),
testificari ,
testudo (4),
texere Stf. ,
contexere ,
intexere ,
praetexere (togam purpura/causas),
praetexta (toga),
thalamus (3),
theatrum (3),
thesaurus ,
thymum,
thyrsus ,
tibia (oft Pl.),
tibicen,
tignum,
tigris,
timere Stf. ,
timidus,
timiditas,
timor ,
extimescere Stf. (rem),
pertimescere (rem/de re),
tinea ,
ting(u)ere Stf. ,
titulus ,
toga,
togatus ,
tolerare (famem/equos),
intolerandus,
tolerabilis,
intolerabilis,
tollere Stf. ,
attollere,
extollere Stf.,
tonare Stf. (-/deos),
tonitrus,
attonare Stf.,
intonare (-/haec),
tondere Stf. ,
tonsor,
intonsus,
torpere Stf.,
torpedo,
torquere Stf. (5) (collum/telum/ora/eum/vitam),
tortuosus ,
tormentum (3),
contorquere  (collum/telum),
detorquere,
distorquere,
extorquere (arma e manibus/eum),
intorquere (funes/hastam ei/navem),
retorquere ,
torrere Stf. ,
torrens,
torrens (Adj./Subst.),
torus ,
toral,
torvus,
tot (inv.),
totidem (inv.),
totie(n)s (Adv.),
totus,
trabs (3),
tragoedia,
tragoedus,
tragicus,
tragicus poeta,
tragula,
trahere Stf. ,
trahere bellum,
trahere rem in culpam,
trahere vultum,
tractus,
tractare (eam comis/vulnus/arma),
detrectare (ingenium/pugnam),
detractare =?,
obtrectare (ei/rem),
pertractare,
retractare ,
abstrahere,
contrahere ,
contrahere negotium,
contractio,
detrahere ,
distrahere (aciem/eum a me),
distrahere societatem,
extrahere (telum e corpore/bellum),
retrahere ,
subtrahere ,
trames ,
tranquillus,
tranquillitas,
trans ?,
trans Mosam ire/esse,
transtrum ,
tremere Stf. (-/rem),
tremendus,
tremulus,
tremor,
tremescere (-isc-) (-/rem),
tremefacere,
trepidus ,
trepidare ,
trepidatio,
"tres, tria",
tertius,
ter (Adv.),
"terni, ae, a",
"trini, ae, a",
triginta,
"trecenti, ae, a",
triarii,
"triplex, icis",
tribuere Stf.,
tributum,
attribuere,
distribuere,
tribunal,
tribunus,
tribunus plebis,
tribunus militum,
tribunatus,
tribunicius ,
tribus,
tripudium ,
tristis ,
tristitia ,
triumphus,
triumphalis,
triumphare (de eo/eum),
tropaeum,
trucidare,
trudere Stf.,
detrudere,
extrudere ,
truncus (Adj.),
truncus (Subst.) ,
obtruncare,
trutina,
"trux, trucis",
tu +Dekl.?,
tuus,
tuba,
tueri Stf. ,
tutus ,
tuto (Adv.),
tutor ,
tutela (3),
tutari (se/inopiam),
intutus ,
contueri,
intueri,
obtutus,
tugurium,
tum (Adv.),
tum… tum,
tunc,
tumere Stf. ,
tumidus ,
intumescere Stf. ,
tumultus ,
tumultuarius ,
tumulus ,
tundere Stf. ,
contundere Stf.,
extundere,
obtundere,
tunica,
turba ,
turbo (4),
turbulentus ,
turbare (-/eos/rem),
turbidus ,
conturbare,
conturbare (rationes),
deturbare,
disturbare (contionem/domum),
exturbare ,
perturbare,
perturbatio ,
proturbare ,
turdus,
turgere Stf.,
turgidus,
turma ,
turpis ,
turpitudo ,
turpare,
turris,
tus (Sg./Pl.),
tympanum,
tyrannus,
uber ,
"uber, eris (Adj.) ",
ubertas ,
ubi/i ,
ubi/i est?,
"ubi/i dixit, abiit",
ubique,
ubicumque ,
unde,
undique,
udus ,
exuere Stf. (vestem/eum),
exuviae,
induere ,
se induere in laqueos,
ulcerare,
ulcisci Stf. (hostem/patrem/scelus),
ultor (Adj./Subst.),
ultrix (Adj./Subst.),
ultio,
inultus,
ulmus,
ullus,
neque ulla pars,
nullus,
nonnullus,
ulterior (Gallia)/ultimus  (collis),
ultima spes/laus,
ultima pati,
ultra (Adv./Präp. ?),
ultra progredi,
ultra Taurum vagari/esse,
ultro (Adv.) (3),
ultro citroque mitti,
ultro punire/offerre,
ululare ,
ululatus,
ulva,
umbo ,
umbra,
umbrosus ,
adumbrare,
umere,
(h)umidus ,
(h)umor,
umerus ,
umquam (unquam),
numquam,
nonnumquam,
uncus (Adj./Subst.),
aduncus,
unda,
undare,
abundare ,
abundantia,
abunde (Adv.),
redundare ,
úng(u)ere Stf. ,
unguentum,
inung(u)ere,
perung(u)ere,
unguis (3),
ungula,
universus (-vor-) ,
universa urbs/universi Siculi,
de re universa dicere,
universum (n. Subst.),
unus,
una (Adv.),
unicus ,
undecim,
undecimus,
urbs,
urbanus (3),
suburbanus,
urere Stf.,
uri frigore,
adurere,
amburere,
exurere ,
perurere,
comburere ,
bustum,
urgere Stf. (3),
urna ,
ursus,
ursa,
usquam,
nusquam ,
usque (Adv.),
usque ad nos/usque a Romulo,
ut ((3) +Ind./(3) +Konj.),
utique ,
neutiquam (ne… utiquam),
utpote (+ Apposition) ,
"ea, utpote res tenues",
utcumque ,
utut,
prout,
velut(i) (3),
utinam (+Konj.),
uter,
"uter, tra, trum?",
uterque,
uterque consul/eorum,
utrimque,
neuter,
uterus ,
uti Stf. ?,
uti honore/eo amico,
usus ,
usus amicorum,
usui esse,
usu doctus,
si usus est,
usurpare,
usitatus,
inusitatus,
utilis,
utilitas,
inutilis ,
abuti ,
uti = ?,
uva ,
uvidus ,
uxor,
vacare (metu/uni),
vacat,
vacuus (metu/operi),
vacua mulier/mens/auris,
vacuitas,
supervacuus,
supervac(u)aneus ,
vacca,
vadere,
"evadere Stf. (3) (ex urbe, urbem/in murum, ardua/in morbum)",
invadere ,
pervadere ,
vadum ,
vae (mihi/i)!,
"vafer, fra, frum",
vagina,
vagus ,
vagari ,
vah!,
valde (Adv.),
valere Stf. ,
vale!,
valens ,
validus,
invalidus,
praevalidus ,
valetudo ,
valescere Stf.,
convalescere ,
praevalere,
vallis,
convallis,
vallus ,
vallum ,
circumvallare,
intervallum,
vanus (3),
vanitas (3),
evanescere Stf.,
vappa ,
vapulare,
varius (3) (trigris/formae (Pl.)/bellum),
varietas ,
variare (3) (corpus/comas/fama variat),
varus,
vas,
vadimonium (3),
vas (+Pl.?),
vasa colligere,
vastus (3) (ager/mare/homo),
vastitas,
vastare ,
vates (3),
vaticinari ,
vaticinatio,
ve (angehängt),
vectigal ,
vehere Stf.,
curru/equo vehi,
vehiculum ,
avehere,
advehere,
circumvehi,
convehere,
devehere,
evehere ,
invehere,
invehi in eum,
provehere ,
revehere,
transvehere,
vehemens ,
vel (3),
vel… vel…,
aperte vel oderis,
vel maxime,
velle Stf.,
volo abire/te abire,
vult atomos esse,
quid sibi/i vult?,
volens,
nolle,
malle,
vellere Stf. ,
vellus (3),
avellere,
convellere ,
divellere,
evellere,
revellere ,
"velox, ocis",
velocitas,
velum ,
velare ,
velati,
velamen,
vena,
venari,
venator,
venatus,
vendere Stf.,
vendere orationem,
venditor,
venire Stf.,
venalis (Adj./Subst.),
venerari ,
veneratio ,
venenum ,
venenum Assyrium,
veneficium (3),
venia ,
venire Stf.,
usu venire,
ventitare,
advenire ,
adventus,
adventicius ,
adventare,
advena (Subst./Adj.),
antevenire (eum),
circumvenire,
convenire,
eum convenio,
milites eo conveniunt,
signum convenit,
nomen convenit huic rei/cum re,
conventus,
conventus Syracusanus,
conventus agere,
conveniens ,
convenientia,
disconvenire,
devenire,
evenire (3) (ex hac re/bene/ut),
eventum ,
eventus ,
invenire,
inventum,
inventor,
inventio ,
"intervenire  (sermoni, sermones/id intervenit)",
obvenire (pars ei),
pervenire (ad eum),
praevenire (eum),
provenire ,
subvenire ,
"supervenire (ei, eum) ",
venter (4),
ventus ,
ventosus (3),
venus (3),
venustas ,
ver,
ver sacrum,
vernus,
verbena (oft Pl.),
verber ,
verberare ,
verbum (Sg./Pl.),
verbi causa,
meis causis,
verba dare,
proverbium,
vereri Stf.,
vereri +Inf./ne,
verecundus,
verecundia ,
reverentia ,
vergere Stf.,
verna,
verrere Stf. (4) (viam/far/mare/crines humi),
vertere Stf. ,
quo me vertam?,
vertere arborem/arma/arcem/lumina,
vertere in praedam/in crimen,
vertitur aestas/annus,
verti in primos,
versus (-um) (Adv./Präp. Akk.),
ad oceanus versus,
versus ,
versiculus ,
versutus (3),
versare,
versari,
is/id in causis versatur,
vertex (3),
avertere,
avertere pecuniam,
aversari (eum),
advertere,
adversus,
adversus (-um) (Adv./Präp. Akk.),
adversus ire/castra/legem,
adversarius (Adj./Subst.),
adversari,
convertere ,
conversio ,
controversia,
diversus ,
diversi fugiunt,
diversitas,
evertere (pinum/aequor/urbem),
invertere,
obvertere,
pervertere ,
perversus ,
praevertere (eum),
reverti Stf.,
reversus,
subvertere,
transversus ,
veru,
verus (3),
verum (Konjunktion),
vero (Adv./Konjunktion),
veritas ,
verisimilis,
vesci (carne) (3),
vesper,
"vespere, vesperi (= Lokativ)",
vespertinus ,
vestibulum,
vestigium (3),
in suo vestigio,
vestigium temporis,
e vestigio,
vestigare ,
investigare,
investigatio,
vestis ,
vestire ,
vestitus ,
vestimentum (Sg./Pl.),
vetare Stf.,
veto eum venire,
pons fieri vetatur,
"vetus, eris",
vetus belli,
vetustas,
vetustus,
veteranus (miles),
inveterare (Akt./Pass.),
inveterascere Stf.,
vetulus,
vetula,
vexare (nubes/cives/agros),
vexillium ,
vexillarius (Sg./Pl.),
via ,
via ac ratione,
viator ,
viaticum ,
avius ,
devius ,
invius,
obviam (Adv.),
obvius,
obvia classis/similitudo/comitas,
obvius itineri/vento,
pervius ,
trivium ,
vibrare (tr./intr. --> je ),
vicinus (Adj./Subst.),
vicina,
vicinitas,
vicis (4),
vicem eius ,
vice eius,
invicem (Adv.) ,
vicissim (Adv.) ,
vicissitudo,
victima,
vicus (3),
videlicet (3) (< videre licet),
videre Stf. ,
videri Stf.,
videtur,
visum,
visio,
visus ,
visere Stf. ,
invisere,
revisere,
evidens,
"invidere (ei rem, ei re, laudi eius)",
invisus,
invidus,
invidia ,
invidiosus ,
providere (3) (mala/saluti/frumentum),
improvisus,
providentia ,
providus (futuri) ,
viduus ,
vidua ,
vigere Stf. ,
vigor,
vigil (Adj./Subst.),
vigilare (3),
vigilia ,
viginti,
vice(n)simus,
duodeviginti,
vilis ,
villa,
villula,
vicilus,
villus ,
vimen ,
vincere Stf. (4) (-/eum/ut/AcI),
victor (Subst./Adj.),
victoria,
victrix (Subst./Adj.),
invictus,
convincere (3),
devincere (eum/bellum),
evincere (eum/ut/AcI),
pervincere (eum/ut/AcI),
"pervicax, acis ",
vincire Stf.,
vinculum,
devincire,
devincire sibi/i eum,
evincire,
revincire ,
vindex,
vindicare (3),
vindicare laudem sibi/i,
vindicare eos ex servitude/in libertatem,
vindicare iniuriam/severe in eos,
vindicta (3),
vinum ,
vinea ,
vinosus,
vinetum,
vindemia ,
viola ,
violare (3) (eum/agros/ius),
inviolatus,
violentus,
violentia,
violens,
vipera,
vipereus,
viperinus,
vir ,
virtus (3),
virilis,
duumvir,
triumvir,
decemvir,
decemviri agro dividendo (Dat.),
virere Stf.,
viridis ,
viridare,
virga ,
virgultum,
virgo ,
virginitas,
virgineus ,
virginea ara/sagitta,
virus Fall?,
vis,
magna vis frumenti,
definire vim verbi,
viscera (3),
vita (3),
vitalis ,
vitare (tela) ,
vitabundus (locum),
vitis (3),
vitis alba,
vitium,
vitiosus ,
vitiare (3),
vitrum,
vitreus ,
vitta ,
vitulus ,
vitula,
vitellus ,
vituperare,
vivere Stf.,
victus ,
vividus,
"vivax, acis ",
vivus ,
convictor,
convivium,
conviva,
vix (Adv.),
vixdum (Adv.),
vocare ,
vocare in dubium/in odium/in crimen,
vocabulum,
avocare,
advocare,
advocatus,
convocare,
evocare ,
invocare,
provocare ,
provocare ad populum,
provocatio,
revocare (a bello/in suffragium),
vox ,
vociferari,
volare (intr./tr.),
volantes (bestiae),
volatus,
volitare ,
"volucer, cris, cre ",
volucris,
advolare,
voluntas ,
voluntarius,
voluptas,
voluptarius,
voluptarius (homo),
volvere Stf. ,
volvere saxa/fumum,
volvere librum/turmas,
volvere menses/vices,
volvere multa secum,
volutare ,
volumen ,
involvere (Olympum Ossae/rem toga),
provolvere (Akt./Pass.),
revolvere (Akt./Pass.),
revolvere librum/facta eius,
vomer ,
vomere Stf. ,
vorago ,
vos Dekl.?,
"vester, tra, trum",
vovere Stf. ,
votum (3),
vovitus,
devovere ,
vulgus (3),
vulgo (Adv.) (3),
vulgaris (3),
vulgare,
vulnus ,
vulnerare ,
vulpes,
vultus (3),
zephyrus ,
zona (3),
ὁρμή,
"πάϑος, ους, τό",
superesse Stf.,
superesse virtute,
absens,
praesens,
praesentia,
essedum,
essedarius,
et,
et…et,
et…neque,
neque…et,
etiam,
etiam atque etiam rogare,
etiam maior,
etiamnunc (-num),
eu (Charine),
eu(h)oe (Bacche)!,
eunuchus,
eurus,
"ex, e Fall? (3)",
ex urbe venire,
e tertia hora,
e lege,
examen ,
excudere Stf. ,
exemplum,
exemplar ,
exercere Stf. ,
exercere equos/se armis,
exercitus,
exercitare ,
exercitatio,
exhalare,
exilis ,
exim =?,
exolescere Stf.,
exoletus (puer) ,
explorare,
explorator,
ex(s)ul (2: Adj./Subst.),
ex(s)ilium,
ex(s)ulare,
exta,
"exter, era, erum",
exterior/extremus,
extremitas,
externus ,
extra (2: Adv./Präp. ?),
extra urbem/ducem,
extrinsecus (Adv.),
faba,
faber (2: Adj./Subst),
fabrica (3),
fabricari,
fabula (3),
fabulam narrare/agere,
fabella,
fabulosus,
facere Stf.,
facere idem/naves,
facere eum consulem,
facere dolorem parvi,
"facere, ut ",
facere cum eo,
factum,
profecto (Adv.),
infectus,
factitare,
factio ,
factiosus,
facinus,
facilis,
facilis dictu/via/ad bella,
facile Adv.,
facile optimus,
facilitas,
facultas,
facultas abeundi,
magnam facultatem navium habere,
pro facultatibus dare,
difficilis,
homo difficilis,
difficultas ,
afficere Stf. Fall?,
affici morbo/praemio,
sitis corpus afficit,
affectio ,
affectus ,
affectare  (iter/regnum),
conficere,
conficere anulum/iter/vires,
deficere Stf. ,
copiae me deficiunt,
mei a me deficiunt,
defectio,
efficere Stf. (3),
effector,
"efficax, acis",
inficere Stf. ,
interficere Stf.,
interfector,
officere Stf. ?,
perficere Stf. ,
perficere pontem/scelus/bellum/ut,
perfectus,
perfectio,
reficere Stf. ,
sufficere Stf.  (tr./intr.),
facetus,
facies ,
faex ,
fagus,
fallere Stf. ,
ille me fallit,
fallit me +AcI ,
fallere promissa,
falsus Adv.? ,
"fallax, acis",
fallacia,
refellere Stf.,
falx,
fama,
famosus ,
infamis ,
infamia,
fames,
famulus,
famula,
familia,
familiaris ,
familiaritas,
fanum,
profanus,
far ,
farcire Stf.,
confertus,
differtus,
refertus,
fari Stf. ,
infandus,
nefandus,
facundus,
facundia,
affari Stf.,
effari Stf.,
templum effatum (pass.),
fas Fälle? ,
fas est +Inf.,
nefas,
nefarius,
nefastus ,
fascis,
fasces,
fasti,
fastus,
fastidium ,
fastidiosus ,
fastidire Fall?,
fastigium ,
fateri Stf.  (vera/iram),
confiteri ,
confessio,
profiteri,
fatigare ,
defatigare,
fatiscere ,
fessus ,
defetisci Stf.,
fatum,
fatalis,
fauces ,
faustus,
infaustus,
favere Stf Fall?,
favere ore,
favere his dictis,
fautor ,
favor (3),
favilla,
favus ,
fax,
febris,
fecundus ,
"fetus (3) (lupa, 2/locus ulvis)",
fetus ,
effetus  (-/veri),
"felix, icis ",
felicitas,
infelix ,
femina ,
femineus,
effeminare,
femur,
defendere Stf.  (ignem a tectis/urbem a Gallis),
defensor,
defensio,
defensare,
infensus,
offendere ,
offendere eum ,
offensus ,
offensa ,
offensio ,
fenestra,
fenus ,
fenerator,
feralis,
feralia,
fere/e (Adv.) ,
tres fere/e/ omnes fere/e/ quod fere/e fit,
ferme (Adv.) ,
feriae,
ferire,
ferire caelum vertice,
ferire porcum/foedus,
ferire eum munere,
ferre Stf. ,
ferre onus/dolorem,
ferre ei auxilium,
"ferre legem ad populum, ut",
fama fert +AcI,
ferre eum ducem,
ferre palmam,
ferri ad eum,
"ferax, acis",
adferre Stf. ,
aufferre Stf.,
anteferre Stf. ,
conferre Stf. (3),
conferre omnia in unum,
conferre pacem cum bello,
se conferre Romam,
conferre rem idus,
collatio ,
deferre Stf.,
deferre ad eum epistulam/regnum,
deferre nomen Verris ad praetorem,
delator,
delatio,
differre Stf. (3),
differre rumores/rem in posterum,
differre a Gallis,
differentia,
efferre Stf.,
efferre mortuum (ex urbe),
efferre eum in caelum,
elatio,
inferre Stf.,
inferre ei metum/vim,
offerre Stf. ,
se offerre ,
perferre Stf. ,
perferre mandata/legem,
praeferre Stf. ,
se praeferre castris,
proferre Stf. (3) (tela/arma/fines),
prolatare (3) (agrum/diem/vitam),
referre Stf. (3),
referre pedem/gratiam,
referre sermones eorum,
referre ad senatum,
referre in tabulas,
referre omnia ad usum,
refert Stf. Fall?,
transferre Stf.,
transferre regnum in eum,
ferrum ,
ferreus,
ferratus,
ferrugo ,
ferus,
fera (bestia),
feritas,
ferinus,
"ferox, ocis ",
ferocia ,
efferus,
fertilis,
fervere Stf. ,
fervidus ,
festinare ,
festinatio,
confestim (Adv.),
festus,
festum,
profestus,
fetiales,
fibra,
fibula,
ficus,
fidere Stf. ,
fidus,
infidus,
fiducia ?,
confidere +Fälle?,
diffidere,
fides ,
fidem ei habere,
fidem eius cognoscere,
fidem dare/servare,
in fidem Romanorum recipere,
fidelis,
infidelis,
perfidus,
perfidia,
fides (2: Sg/Pl),
fidicen ,
fieri Stf. (3),
fit clamor/pons/ut,
Asia Romanorum fit,
figere Stf. ,
affigere Stf.,
configere Stf. ,
defigere Stf. ,
infigere Stf. ,
praefigere Stf.,
refigere Stf.,
figura,
filius,
filia,
filum ,
fimum,
findere Stf.,
fissum,
diffindere,
fingere Stf. ,
diffingere Stf.,
effingere Stf.,
effigies,
finis ,
per fines Gallorum,
finitimus ,
finire ,
infinitus ,
infinitio,
definire,
definitio,
affinis (3),
affinitas,
infinitas,
firmus,
firmitas,
firmare ,
affirmare,
confirmare ,
infirmus,
infirmitas ,
infirmare,
fiscus ,
fistula,
flagellum ,
flagitare,
flagitium ,
flagitiosus,
flagrare,
deflagrare,
flamen,
flamen Dialis,
flamma,
flammare ,
inflammare,
flare ,
flatus ,
afflare ,
conflare (3),
inflare  (tubam/bucas),
flavus,
flavere,
flectere Stf. ,
flectere iter ad urbem/animos iudicum,
flexus (3),
inflectere Stf.,
reflectere Stf. ,
flere Stf. ,
fletus (2: Sg./Pl.),
flebilis ,
affligere Stf.  (vasa terrae/cives),
confligere,
conflictare/ri ,
profligare,
profligatus,
flos (3),
florere Stf. ,
fluere Stf.,
Rhenus inter eos fluxit/vestis fluxit/fluxit mollitia,
fluctus (2: Sg./Pl.),
fluctuare ,
fluxus ,
flumen ,
fluvius ,
fluentum ,
fluitare ,
affluere Stf. ,
defluere Stf. ,
effluere Stf. ,
influere Stf.,
praefluere Stf. (urbem),
refluere Stf.,
focus,
fodere Stf.,
fodere argentum/arva,
fodere eum hasta,
fossa,
defodere Stf.  (signa/specus),
effodere Stf. (3) (terram/oculos/domos),
infodere Stf. (fruges),
foedus,
foedare,
foedus,
foederatus,
folium,
fons (3),
foramen,
forceps,
foris (2: Sg./Pl.),
foris (Adv.) ,
foras (Adv.),
forma ,
formula ,
formosus,
formare,
conformare,
conformatio,
informare,
deformis,
informis,
triformis,
formica,
formido ,
formidolosus (-dul-) ,
formidare,
reformidare (rem),
fornax,
fornix ,
fors,
fortisan +Modus,
fortasse,
fortassis,
fortuitus Adv.?,
fortis ,
fortitudo,
fortuna (2: Sg./Pl.),
fortunatus ,
forum ,
forensis,
vestitus forensis,
fovea,
fovere Stf. ,
fomentum ,
fragor,
frangere Stf. ,
fragmen,
fragilis,
infringere Stf. ,
perfringere Stf. ,
fragrare,
frater,
frater patruelis,
fraternus ,
fraus ,
fraudare,
fraxinus,
fremere Stf.,
fremitus,
frenum Formen?,
frenare ,
effrenatus,
frěquens,
frequentia ,
frequentare (4) (urbem/scribas/scholas/exempla),
fretum,
fretus Fall?,
frigere,
frigidus ,
frigus (3),
frons,
frondosus,
frondere,
frons ,
frumentum,
frumentarius,
res frumentaria,
frumentari,
frumentatio,
"frui, – (fructus/fruitus = selten) Fall? ",
fructus ,
fructuosus,
frux,
frugi (inv.),
frugalitas (3),
perfrui Fall?,
frustra/a (Adv.) ,
eum frustra/a habere,
frustrari,
frustum,
frutex,
fucus,
fugere Stf.,
fugit me + AcI,
fugitivus,
fugitare ,
fuga,
fugare,
"fugax, acis ",
confugere Stf. (ad eum),
diffugere Stf.,
effugere Stf.  (e proelio/mortem),
effugium,
perfugere Stf.  (ad eum),
perfuga,
perfugium,
profugere Stf.  (ex oppido ad eum/rem),
profugus ,
"refugere Stf. (ex urbe, in domum/tela)",
transfuga,
fulcire Stf.,
fulgere Stf.,
fulgor,
fulgur,
fulmen,
effulgere Stf.,
refulgere Stf.,
fulcus,
fumus,
fumare,
funda ,
funditor,
fundere Stf. (4) (vinum/verba/se/hostes),
fuse (dicere),
circumfundere (3) (ceram corpore/corpus cera/pass.),
confundere (3),
confusio,
defundere,
diffundere,
diffundere vultum,
se diffundere bzw. diffundi,
effundere,
effundere voces pectore,
effundere sinum togae,
se effundere in agros,
infundere,
offundere  (lucem oculis/oculos luce),
perfundere  (aqua/gaudio),
profundere ,
refundere  (Akt./Pass.),
suffundere  (aquam/lanam),
fundus ,
fundare  (arcem/urbem colonis),
fundamentum,
funditus (Adv.),
profundus,
profundum ,
fungi Stf. ?,
fungi officio/morte,
defungi (bello),
defungi (vita),
funis,
funus (3),
funestus ,
fur,
furtum ,
furtivus ,
furtim (Adv.),
furca (4),
furcifer,
furere ,
furor ,
furia ,
furialis ,
furiosus,
furnus,
fuscus ,
fustis,
futilis (futt-),
galea,
gallus,
gallina,
garrire,
garrulus,
gaudere Stf. Konstruktion,
gaudium,
gaza ,
gelu,
gelidus ,
gemere Stf. ,
gemitus,
ingemiscere (-escere) Stf. ,
geminus (5) (frater/portae/Chiron/pedes/audacia),
gemellus,
geminare ,
ingeminare ,
gemma (3),
gena ,
gener,
genu,
geometres,
geometricus,
geometria,
gerere Stf.,
gerere pila manu/os virginis/se honeste,
gerere bellum/rem,
gestus,
gestare,
congerere ,
digerere ,
ingerere saxa in subeuntes/ei nomen,
gestire  Fall?,
gignere Stf.,
genitor ,
genetrix,
gens ,
gens Iulia/Sueborum,
"Aeneas, gens deorum",
genus ,
genus ducere ab eo,
"Bacchus, genus Iovis",
genus armorum/dicendi,
generosus,
generare,
generatim Adv. ,
"degener, eris ",
degener patriae artis,
degenerare ,
degenerare a patribus/eum,
genius,
genialis ,
ingenium,
ingeniosus,
ingenuus,
progenies ,
germanus (3) (frater/Stoicus/eius),
glacies,
gladius,
gladiator,
glans ,
glaucus,
gleba (glae-),
gliscere,
globus ,
globosus,
conglobare,
glomerare,
gloria ,
gloriosus ,
gloriari Fall?,
inglorius,
inglorius militiae,
gnarus  Fälle?,
ignarus  Fälle?,
gnatus,
gracilis ,
gradi Stf.,
gressus,
gradus (3),
gradum celerare/eum de gradu movere,
gradus templi,
gradum filii habere,
gradatim Adv.,
grassari  (-/in te),
aggredi Stf. (3),
antegredi,
congredi,
congressus,
degredi,
digredi,
egredi  (ex urbe/munitiones),
egressus,
ingredi Stf. (3) (lente/in navem/urbem),
ingredi eum/orationem,
praegredi  Fall?,
progredi ,
progressio,
regredi,
regressus,
transgredi ,
gramen,
gramineus,
grammaticus (2: Adj./Subst.),
grammatica (ars),
grandis ,
grando,
granum ,
gratus (3),
gratia (3),
gratiam habere/gratias agere/gratiam referre,
amici gratia,
gratiosus (2: Adj./Subst.),
grates Formen?,
gratulari,
gratulatio,
gratari Fall?,
gratis Adv.,
gratuitus Adv.? ,
gratificari,
ingratus ,
gravis ,
grave onus/gravis causa/gravis oratio/gravis vox,
navis praeda gravis,
gravitas ,
gravitas oneris/linguae,
gravidus ,
gravare ,
praegravare ,
gremium,
grex,
gregarius (miles),
aggregare,
congregare,
segregare ,
egregius,
grus,
gubernare,
gubernator,
gula,
gurges,
gustare,
gutta ,
guttur,
gymnasium,
gyrus,
habena,
habere Stf.,
habere agrum/causam,
habere contionem,
habere eum pro amico,
habere id cognitum,
res ita se habet,
habitus (3),
habitare,
habilis,
adhibere (4) (manum ad vulnus/vim viro/eum ad scelus/eum severe),
cohibere,
cohibere manus ab auro,
exhibere,
exhibere sonos ore/ei curam,
inhibere  (remos/modum),
perhibere ,
prohibere ,
debere ,
praebere,
praebere se virum,
haedus,
haerere Stf. ,
adhaerere,
cohaerere,
inhaerere,
hahahae!,
(h)allec,
hamus ,
(h)arena ,
harundo ,
haruspex,
haruspicina,
hasta ,
sub hasta vendere,
hastile ,
hastatus,
"hastati, orum",
haud,
haurire Stf. (3),
haurire aquam e fonte,
haurire pocula ore,
haurire aquam/artem,
exhaurire,
exhaurire terram manibus,
exhaurire urbem/bella,
"hebes, etis",
hedera,
(h)elleborum,
hem!,
ehem (optume),
herba ,
herc(u)le!,
mehercule(s)!,
heres,
hereditas,
coheres,
hěri/i (Adv.),
hesternus,
heros,
Hesperus,
hesperius,
heu (me miserum)!,
eheu (me miserum)!,
heus!,
hiare,
hiare rem,
hiatus ,
dehiscere,
inhiare Fall? ,
hibernus,
hiberna,
hibernare,
"hic, haec, hoc",
respondet haec,
hac (Adv.),
posthac (Adv.),
hactenus (Adv.),
hic (Adv.),
hoc (Adv.),
adhuc (Adv.) ,
hinc (Adv.) ,
dehinc (Adv.) ,
huius(ce)modi (inv.),
hiems ,
hiemare,
hilarus,
hilaris,
hilaritas,
hircus ,
hirsutus ,
hispidus,
historia (3),
histrio,
hodie (Adv.),
hodiernus,
(h)olus,
homo,
honos (3),
honores ei decernere,
honores petere,
honestus (3: homo/pax/os),
honestas (3),
inhonestus ,
honorare,
hora ,
hornus,
horrere Stf. ,
terga saetis/comae horrent,
membra/multi mortem horrent,
horrendus,
horridus (3),
horribilis,
horror,
horrescere Stf. ,
abhorrere Fall? ,
perhorrescere Fall? ,
horreum,
hortari,
adhortari,
cohortari,
exhortari,
hortus (2: Sg./Pl.),
hortulus,
hospes ,
hospitium ,
hospitalis ,
inhospitalis,
hospitus ,
hostia,
hostis,
hostilis,
hui (tam cito)!,
humanus ,
humanitas ,
inhumanus,
humus,
humi iacere,
humilis (3: casa/ars/oratio),
humilitas ,
humare,
inhumatus,
hyacinthus,
hydrus ,
hymenaeus ,
iacere Stf. ,
iacere Stf. (2: tela in eos/vallum),
iacere semina,
iactus,
iactura ,
iactare (3: faces/navem/nomen),
iaculum,
iaculari (3:–/ignes/cervos),
abicere Stf.,
abiectus ,
adicere ,
circumicere ,
conicere (: arma in medium/quot sint),
coniector,
coniectura,
coniectare,
deicere,
deicere eos e saltu/spe,
disicere ,
eicere ,
eicere actores,
inicere,
se inicere in ignem,
inicere ei metum,
inicere ei frenos,
intericere,
obicere Fall?,
obicere ei metum,
obiectare,
ob(i)ex ,
proicere (4: hastam/arma/pudorem/eum),
reicere ,
reicere hostes/dona/rem ad senatum/ad idus,
subicere,
subicere ignem domui/eum imperio,
subicere castra urbi/rationes,
subicere eum in equum/ei spem,
traicere (2: telum/eum telo),
traicere (copias) flumen,
amicire Stf.,
amictus ,
iam,
non iam,
iam…iam,
iambus,
Ianus,
Ianuarius (mensis),
ianua ,
ianitor,
icisse Stf.,
ictus,
idcirco,
identidem (Adv.),
ideo,
idoneus,
idus,
iecur,
ieiunus,
ieiunium,
igitur,
ignis,
igneus,
ignipotens,
ignorare,
ignoratio,
ilex,
ilia ,
ilicet (Adv.),
ilico (Adv.),
"ille, illa, illud",
postilla (Adv.),
illic (Adv.),
illo (Adv.),
illuc (Adv.) ,
illinc (Adv.),
imago (2: Sg./Pl.),
imitari,
imitator,
imitatio,
imbecillus ,
imbecillitas,
imber ,
imbuere Stf. (3: vestem sanguine/eum litteris/opus),
immanis ,
immo (Adv.) ,
imperare Fall?,
imperare obsides,
imperator ,
imperatorius,
imperium ,
sub imperio Caesaris,
sub/in imperio Romano,
imperiosus,
imperitare Fall?,
impetus ,
imus,
in (2: Akk./Abl.),
in urbem/urbe,
in multos annos,
in dies maior,
in ultionem,
inanis ,
incassum (Adv.),
inclutus (-clit-),
incohare ,
incolumis,
incolumitas,
incus,
index (2: sceleris/libri),
indicium ,
indicare,
indicare ei fundum,
indulgere Stf. (3: ei/somno/largitionem),
industria,
indutiae,
infans (3: os/filius/–),
inferiae,
inferus/inferior/infimus,
"inferi, orum",
infernus,
infestus ,
infit (def. V),
infitiari,
infra (2: Adv./Präp+Akk),
infra scriptus/lunam,
ingens,
ingruere,
inguen ,
inquam (def. V),
inquinare,
"insons, ontis",
instar (inv. n),
equus instar montis,
instaurare ,
instigare ,
instillare,
insula ,
"integer, gra, grum ",
integritas,
redintegrare,
inter ?,
inter urbem et flumen,
inter Gallos,
inter cenam,
inter se differre,
interim (Adv.) ,
"interior, ius ",
intimus,
internus,
interpres ,
interpretari ,
interpretatio,
intra ?,
intra urbem,
intro (Adv.),
intrare  (in hortum/hortum),
introrsum (-us) Adv. ,
intus (Adv.),
intestinus,
inula,
invitare ,
invitus,
eo invito,
io!,
iocosus,
iocari,
"ipse, a, um",
ira,
iratus,
iracundus,
iracundia,
irasci,
ire Stf.,
abire,
abire in ventum,
adire (3) (senatum/insulam/labores),
aditus,
anteire ,
circumire,
circumire aciem/vigilias,
circu(m)itus,
coire,
coeunt gentes,
coit vulnus/lac,
coitus,
exire ,
exire ex urbe/vallem/tela/in terram,
exitus ,
exitium,
exitiosus,
"inire (in urbem, urbem)",
inire bellum/foedus,
initium,
initia Bacchi,
interire,
interitus,
introire,
introitus ,
obire  (huc/rem),
obire Asiam/(mortem),
obitus,
perire,
praeterire Fall? ,
hoc me/dies praeterit,
praeteritus,
prodire ,
redire ,
legiones redeunt,
ager ad eos redit,
reditus ,
"subire (3) (laborem/animum/ei, eum)",
transire (4) (ad eum/eum/montem/diem),
transitus,
ambire Stf. (3) (potentes/–/terram),
ambitio,
ambitiosus,
ambitus,
ambitus stellarum/aquae/lacus,
lex de ambitu,
comitium  (Sg./Pl.),
irritare,
"is, ea, id ",
ea (Adv.),
antea (Adv.),
interea (Adv.) ,
postea (Adv.),
posteaquam (=postea…quam),
praeterea (Adv.) ,
propterea (Adv.),
ibi/i (Adv.) ,
ibidem (Adv.),
eo (Adv.) ,
eodem (Adv.),
adeo (Adv.),
haec adeo,
inde (Adv.) (3),
deinde/dein (Adv.),
deinceps (Adv.),
exinde/exin (Adv.) ,
perinde (ac),
proinde  (abi/ac),
subinde (Adv.) ,
eiusmodi (inv.),
"idem, eadem, idem",
"iste, -a, -ud",
istic (Adv.) ,
"istuc (-oc, -o) (Adv.) ",
istinc (Adv.) ,
ita (Adv.),
ita factum est,
"ita secundus, ut",
haud ita magnus,
ita vivam,
itaque,
itidem (Adv.),
item (Adv.),
iter ,
iterum (Adv.) ,
iterare,
iterare tumulum/agrum/ianuam,
iuba ,
iubere Stf.,
iubeo eum sequi,
populus legem iubet,
iussum,
iussu (Adv.),
iniussu (Adv.),
iucundus,
iucunditas,
iudex,
iudicium,
iudicare ,
diiudicare ,
iugis (aqua),
iugerum,
iugulum,
iugulare ,
iungere Stf.,
iunctura,
iumentum,
adiungere,
adiuncta,
coniungere ,
coniunctio,
disiungere,
iniungere,
seiungere ,
iugum (3),
iugalis ,
biiugis (-us) ,
biiugi (equi),
coniux/coniunx  (2: 1. m; 2.+3. f),
coniugium (3),
iunior,
iuniores,
iurgare,
iurgium,
obiurgare (eum),
ius,
in ius vocare,
ius iurandum,
iustus,
iustitia,
iniustus,
iniustitia,
iurare (–/deos/morbum/dolum),
iuratus (2: Adj./Subst.),
coniurare ,
coniuratus ,
coniuratio ,
iniuria,
iure an iniuria fit?,
iniuriosus,
iniurius,
periurius,
periurium,
iuvare Stf. (2: cena/hic me iuvat),
adiuvare Fall?,
adiutor,
adiutrix,
adiumentum,
adiutare,
iuvenis (2: Adj./Subst.),
iuventus,
iuventas,
iuventa,
iuvenalis,
iuvencus/-a,
iuxta (2: Adv./Präp ?),
sellam iuxta ponere,
iuxta periculosum,
iuxta viam/deos,
Kalendae,
labi Stf. ,
lapsus (3),
labes ,
allabi,
collabi,
delabi,
dilabi,
dilabi vetustate/a signis,
elabi,
elabi e manibus/pugnam/in servitutem,
illabi (3: urbi/capiti/–),
prolabi ,
relabi,
sublabi ,
labare,
labefactare,
labor,
laboriosus ,
laborare (3: morbo/in ea re/vestem),
allaborare ,
elaborare (2: tr./intr.),
elaboratus,
labrum,
lac,
"lacer, era, erum",
lacerare,
lacertus ,
lacessere Stf.,
lacessere eum pugna/ad pugnam,
lacessere pugnam/pacem,
allicere Stf.,
illicere,
elicere,
illecebra,
lacrima,
lacrimosus,
lacrimare,
illacrimabilis ,
lactuca,
lacus (3),
laedere Stf.,
elidere Stf.  (eum e curru/herbas),
illidere ,
laetus (4) (tellus/sues/vultus/omen),
laetitia,
laetari,
"laevus (3) (manus, mens, numen)",
lagoena,
lambere Stf.,
lamentari ,
lamentatio,
lampas ,
lana,
laneus,
"laniger, era, erum ",
languere Stf.,
languidus,
languor,
laniare,
lanx ,
lapis,
lapillus,
laqueus,
lar,
largus,
largiri,
largitio (3),
lar(i)dum,
lascivus ,
lascivia ,
lascivire,
lassus,
lassitudo,
lassare,
later,
latericius,
latere Stf. (in umbra/eum),
latebra (3),
latex,
latrare,
latratus,
latro ,
latrocinium ,
latus ,
latitudo ,
dilatare (castra),
latus ,
laurus ,
laurea,
laus (2: Sg./Pl.),
laudare ,
laudator ,
laudatio (3),
laudabilis,
collaudare,
lavare Stf.,
lautus ,
laxus ,
laxare,
relaxare,
de-lectare,
delectatio,
deliciae,
delicatus ,
oblectare,
oblectatio,
lectus,
lectica,
legere Stf. (5) (ossa/cives/libros/oram/saltus),
lector ,
legio ,
legionarius  (Sg./m.Pl.),
colligere Stf.,
colligere uvas/gratiam,
se colligere ex timore,
colligere id ita esse,
deligere  (uvam/locum),
delectus,
dilectus,
eligere,
perlegere ,
selectio,
diligere Stf.,
diligens,
diligens salutis meae,
diligentia,
intellegere Stf. ,
intellegentia (3),
neglegere Stf.,
neglegentia,
elegans ,
elegantia ,
lembus,
lenis,
lenitas,
lenire,
delenire ,
leno,
lentus (5) (radix/ramus/in dicendo/spes/iudex),
leo,
lepos (-or),
lepidus,
lepus,
letum,
letalis,
levis (vs. levis),
levis (4) (terra/labor/cervus/homo),
levitas (3),
levare,
levare eum onere/fidem,
levare se/eos auxilio,
levatio ,
levamentum,
relevare ,
sublevare ,
lex ,
legitimus ,
legare (3) (ei fundum/eum ad Antonium/eum ei),
legatus (3),
legatio ,
relegare  (eum/id),
libare (4) (laticem/altaria/iecur/harenam pede),
libum,
"liber, era, erum ",
liberi,
libertas ,
libertus,
libertinus,
liberalis ,
liberalitas,
"liberare (eum metu, voti)",
liberare promissa ,
liber ,
libellus,
libet Stf.,
libens,
libido ,
libidinosus,
libra,
librare  (corpus/telum),
liburna (navis),
liburnica (navis),
licet Stf.,
licet abeas…,
licens,
licentia ,
lictor,
ligare ,
alligare ,
colligare,
deligare,
illigare ,
obligare ,
religare ,
lignum,
ligo,
ligurrire Fall? ,
lilium,
lima,
limare  (orationem/commoda),
limen (3),
limes ,
limus,
linea ,
lineamentum  (Sg./Pl.),
lingua ,
trilinguis,
linere Stf.,
litura ,
illinere,
oblinere,
linquere Stf.,
delinquere Stf.,
delictum,
relinquere ,
reliquus,
reliquum diei,
reliquiae,
linter ,
linum ,
linteum,
lippus,
liquere Stf.,
liquidus,
liquor,
liquefacere ,
liqui (=Deponens),
lis ,
littera (3: Sg./Pl. ),
litteras Romam mittere,
litteris studere,
oblitterare,
litus,
lituus ,
lividus,
livor,
lixa,
"locuples, etis",
locuples auctor,
locupletare,
locus,
loca,
loci,
loculus (2: Sg./Pl.),
locare,
locare eum in insidiis,
locare filiam ei nuptum,
locare pecuniam,
locare agrum fruendum,
collocare,
collocare milites in muro,
collocare verba,
collocare pecuniam,
"longus (2: via, dies/intervallum)",
navis longa,
longe maximus,
longitudo,
longinquus,
longinquitas,
longaevus,
longurius,
loqui Stf. (2: –/rem),
"loquax, acis",
alloqui,
colloqui,
colloquium,
eloqui ,
eloquens,
eloquentia,
eloquium,
proloqui,
lorum (2: Sg./Pl.),
lorica ,
lubricus (2: via/amnis),
lucere Stf.,
lucidus,
lux ,
lux solis,
ante lucem,
luce frui,
in lucem prodire,
"lucifer, era, erum ",
lumen (3),
collucere,
elucere,
dilucidus,
perlucidus ,
lucerna,
lucrum,
lucellum,
luctari,
lucus,
ludere Stf. ,
ludere tota nocte,
ludere pila/versus,
ludere eum veste,
lusus,
ludus ,
ludos facere,
ludus gladiatorius,
ludibrium,
"ludicer (-crus), cra, crum",
ludicrum Olympiorum,
eludere (3: litore/telum/hostem),
"illudere (ei, eum)",
luere Stf.,
luere delictum/poenam,
diluvium (-ies),
proluere Stf. ,
illutus,
lugere Stf.,
luctus,
luctuosus,
lugubris ,
lumbus,
luna,
lupus,
lupinus,
lupinum ,
luridus,
lustrum ,
lustrare (4: urbem/exercitum/terras/omnia luce),
collustrare ,
illustrare ,
illustris ,
lustrum ,
lutum,
lutulentus ,
luxus ,
luxuria ,
luxuries,
luxuriosus ,
luxuriare (3),
lympha,
lynx,
lyra,
macellum,
"macer, cra, crum",
macies,
macerare ,
machina ,
machinatio ,
mactare (4: deos/amicos/hostes/agnum),
macula,
maculare,
commaculare,
madere Stf.,
madidus,
madefacere,
maerere Stf.,
maeror,
maestus,
maestitia,
magis (Adv.) ,
magister,
magister equitum/navis,
magistra,
magistratus ,
magnus Steigerung?,
magna ira/vox/res,
maior (natu),
maiores nostri,
magnitudo,
maiestas,
maiestatis accusare,
magnopere (Adv.),
magnanimus,
magnificus ,
magnificentia ,
permagnus,
magus ,
magicus,
mala,
malum,
malum aureum/Punicum,
malus,
malus Steigerung? Adv.? ,
summum malum,
malitia,
malitiosus,
maledicere Fall?,
maledictum,
maleficium,
malignus,
malva,
mamma ,
manare (2: –/sucum),
permanare (ad eum),
mancipium ,
mancus ,
mandare (2: ei rem/ut),
mandatum,
commendare,
commendatio,
mandere Stf. ,
mane (2: inv. n./Adv.),
manere Stf. (2: diu/eum),
permanere ,
remanere,
manes,
manes coniugis ,
manifestus,
manifestus sceleris,
manipulus,
manipularis (2: Adj./m. Subst.),
mannus,
mansuetudo,
manus ,
manus conserere,
manus dare,
in manu patroni esse,
centimanus,
mappa,
mare,
marinus,
maritimus (3: ora/bellum/oppidum),
margo ,
maritus (3: Adj./Subst m./Subst. f.),
marmor ,
marmoreus ,
Mars,
Martius (mensis),
mas (2: Adj./Subst.),
masculus,
mater,
maternus,
matrona,
matrimonium (2: Sg./Pl.),
materia ,
materies,
mathematicus,
maturus ,
maturitas ,
maturare (3: uvam/iter/proficisci),
matutinus,
meare,
commeare ,
commeatus,
"remeare (in urbem, urbem)",
"mederi (3: ei, morbo/rei publicae/inopiae)",
medicus (2: Adj./ Subst. m.),
medicina,
medicamen ,
remedium,
"medimnum (us, i m)",
"meditari (de re, rem)",
meditatus,
meditatio,
medius,
in medio colle ,
medium responsum,
medius pacis et belli,
media pars,
medium diei,
in medio ponere,
mediocris,
mediocritas,
dimidius,
dimidium tributi,
medulla,
membrum ,
membrana,
mel,
meminisse  (facti/te/AcI),
"memor, oris Fall? ",
pius et memor,
iratus et memor,
memoriter (Adv.),
memoria ,
memorare Fall?,
memorabilis,
commemorare ,
"immemor (3: 1: meriti/2., 3.:–)",
"mendax, acis ",
mendacium,
mendum,
mendosus,
emendare,
mens (3),
mentiri,
mentitus,
amens,
amentia,
demens,
dementia,
mentio,
mensa ,
mensis,
mentum,
merere/mereri Stf.,
merere (stipendia),
merere equo/pedibus,
bene merere de patria,
meritus (2: Deponens/Pass),
meritum ,
merito (Adv.),
immeritus ,
immerens,
meretrix,
meretricius,
commerere,
emerere (2: honores/eum),
emerere stipendia,
mergere Stf. (2: Akt./Pass),
mersare,
demergere,
emergere (2: tr./intr.),
submergere,
meridies ,
merula,
merus (2: lac/spes),
merum,
merx (2: Sg./Pl.),
mercari,
mercator,
mercatura,
commercium,
merces ,
mercennarius  (Adj./Subst.),
-met (z.B. egomet usw.),
meta (3),
metallum ,
metere Stf.,
messis,
metiri Stf. (3),
mensus,
metiri campum curru,
mensura,
mensura nominis,
immensus,
emetiri ,
emensus,
metus,
metuere Stf.,
micare Stf. (2: lingua/stella micat),
emicare,
migrare (2: Romam/ius),
demigrare,
miles,
militia ,
militaris,
militare ,
commilito,
mille (homines)/duo milia (hominum),
mimus ,
mima,
mina,
minae ,
minari (3: in caelum/ei/ei malum),
"minax, acis",
minitari,
e-minere,
imminere (3: mons urbi/hostis urbi/hostis morti regis),
prominere,
mingere Stf.,
minister,
ministrare (2: vinum/iussa),
ministerium (2: Sg./Pl.),
